,Cleaned Tweet
0,kadang aku berfikir kenapa aku tetap percaya pada tuhan padahal aku selalu jatuh berkali kali kadang aku merasa tuhan itu ninggalkan aku sendirian ketika orangtuaku berencana berpisah ketika kakakku lebih memilih jadi kristen ketika aku anak ter 
1,aku itu aku ku tau matamu sipit tapi diliat dari mana itu aku 
2,kaum cebong kapir udah keliatan dongoknya dari awal tambah dongok lagi hahahah 
3,ya bani taplak dkk 
4,deklarasi pilkada 2018 aman dan anti hoax warga dukuh sari jabon
5,gue baru aja kelar re watch aldnoah zero! paling kampret emang endingnya! 2 karakter utama cowonya kena friendzone bray! xd url
6,nah admin belanja satu lagi po terbaik nak makan ais kepal milo ais kepal horlicks atau cendol toping kaw kaw ? doket mano tu ? gerai rojak meuaku taipan 2 depan twins baby amp romantika bank islam senawang ?
7,enak lg klo smbil ngewe 
8,setidaknya gw punya jari tengah buat lu sebelom gw ukur nyali sama bacot lu 
9,banci kaleng malu ga bisa jawab peanyaan kami dari 2 hari lalu nyungsep koe url
10,kalo belajar ekonomi mestinya jago memprivatisasi hati orang duh ironi 
11,aktor huruhara 98 prabowo s ingin lengserkan pemerintahan jokowi nyata
12,bu guru enakan jadi jablay atau guru esde sih kayaknya menikmati jadi pecun ini guru 
13,lawan bicara gw gak intelek kyk loe yg otak gak punya ttg kencing onta gw mengakui hadis nabi dan itu sahih kafir kyk loe pasti menolak makanya loe ahlunnar 
14,belakangan ini kok fikiran ampas banget ya 
15,ari sarua beki mah repeh monyet 
16,jadi cowo itu harus gantle kalo ga gantle itu namanya banci ! 
17,slga mnr bom 
18,asw ya tapi gua jarang ngambek tacut wkkwkwkwkw gua kan bucin 
19,kalo kamu noob pasti peluang disakitin nya lebih gede si 
20,joko widodo dinilai sebagai presiden terlemah dalam sejarah indonesia hal ini terjadi bukan saja karena jokowi tidak memiliki modal dukungan politik yang cukup melainkan juga karena ketidakmampuan pemerintahannya menghadapi situasi ekonomi g
21,pelajar sma kec bilah hilir deklarasi anti hoax amp pilkada 2018 damai
22,bandara udara internasional keajati dibangun oleh gubernur ahmad heryawan tanpa gunakan apbn pemerintah pusat insya allah siap beroperasi bulan depan
23,siapapun gubernur dan presidennya rakyatnya ya kita juga 
24,ini si kerjaannya delay mulu! setan! 
25,menurutku pintu sorga ada yaitu pintu sorga yang asli dan pintu hatimu modusbanget
26,pki hanya muncul jika jelang pemilihan kepala daerah dan pemilihan presiden krn digoreng sampai gosong 
27,itu mah sdh nenek nenek sy heran sama cebong biasay bohong terus 
28,islam nusantara produk jil dipasarkan dg gencar oleh antek jil sementara jil anti arab tapi pro aseng! kata alm kh hasyim muzadi 
29,dari habis sahur sampe jam sibayik udah nete 4x skg rasanya lemas tak terkira 
30,gak kak emak mah gak demen ama yang sipit wkwk 
31,kelakuan homok jaman now ngentot aja sambil live di blued gayvid gvid lokalhangat url
32,ga kak gua bukan orang jawa maaf yak gua orang palembang soalnya kakak aja deh yg belajar aksara jawa atau kalak mau belajar budaya palembang?
33,pegawai guardian training lagi kek mentang2 gue kek gembel cuman kaos sama flat shoes nanya dijutekin bangsad emang males belinya juga kabur gua ke matahari 
34,para bajingan yang telah melukai lady harus menerima ganjaran seratus kali lipat! sanji hbd17thpelautjkt48 
35,ajakan menolak berita hoax dan sukseskan pilkada di wilayah kota keidri 
36,presiden ri jokowi luarbiasa kerja nya tulus ihlas untuk rakyatb3rsamajkw
37,edan emang goollnya fabiano! 
38,gapernah mendalami al quran ya bang? pantesan mulutnya kaya orang kafir bejat hina farhatabbaslaw 
39,sangat terlihat beda sekali kewibawaannya yg sangat berwibawa cuma gubernur indonesia massya allah 
40,anjir baru kali ini lihat orang bego mau debat pilkada kerjanya nyerang karakter shame on you mpok silvy and agus debatfinalpilkadajkt
41,gubernurzamannow gusipulputi2 ganjaryasin1 djarotsihar2 hasananton2 kosterace1 nurdinsudirman3 karolingidot2 keanekaragaman budaya suku agama itulah sesungguhnya kekayaan kita ? tutur djarot di hadapan pesea rakercabsu ? 
42,apa iya islam itu ga boleh dilokalisasi? lha kristen aja mas ada nusantaranya mas liat aja di gereja di bandung ada yg pake gamelan dan ada yg khotbah pake bhs sunda jawa ada hkbp juga kurang nusantara apa? 
43,ciptakan situasi kamtibmas menjelang pilkada 2018 kapolsek konang silaturahmi ke tokoh masyarakat
44,positif kok se positif respon masyarakat terhadap cangkul impor garam impor beras impor jagung impor tenaga kerja impor esemka impor url
45,kata sembahyang mengadopsi tradisi lokal pada masa kerjaan hindu istilah sembahyang pun lahir dari tradisi ritus menyembahhyang yang tunggal sama dengan shalat menyembah all
46,kau pendikan tinggi tapi bodoh gk ada larang bawa agama biar orang islam yg di bayar ahok sadar gk jadi milih ahok gla
47,btp the best abaikan kaum kampret otak micin 
48,si otak tempurung mah ga usah d ladenin smkn d lawan semakin bloon dan dungu dan kalo ga gitu dia ga makan hehe 
49,awaasss jgn sampe beritanya sampe ke akhi gerung! ntar susah nyari kosakatany klu bcr aja micingin mata bibir monyong kesamping suara keluar ky lg nhn kentut politik kotor skl jmn ini! klu tahu b ini plng sambil ky nhn ngeden dungu! 
50,pinokio umur 3 taonan tuh 2019gantipresiden
51,cerita silat lae semacam kho ping hoo yang dari indonesia tapi liang ie shen penulis dari china 
52,benci sekali dgn umat islam
53,provokasi mayat politisasi agama penyebab kekalahan pilkada dki beginilah cara cebong mendeskripsikan kekalahan junjungannya fyi ahog blm pernah ikut pemilihan apapun kec jd wakil dan dia bukanlah etnis mayorita
54,dari pada gua nete 
55,lol bani lowo 
56,takabur bisa lahir dari siapa saja penguasa rakyat ulama maupun cendikia bahkan iblis mahluq yg alim amp telah beribadah beratus2 th dilaknat krn hasud takabburnya apalagi hanya seorang ahli ilmu filsafat yg tdk failosof mari kita demo diri sendi
57,a orang yang suka ke konser konser sedikit boros 
58,sampai kapan makan racun ? banyak ulama yang mengatakan hukum rokok mubah dan ada juga ? 
59,susilo bambang yudhoyono presiden ri ke 6 meminta khofifah emil untuk dekat dengan masyarakat no 1 bisa ! baguss khofifahemilnomer1
60,udah biasa kali gue kpoper tapi kalo ngomonv sama temen2 gue idol gua banci homo 
61,saya suka video url awal kisah perseteruan haji bolot amp malih tongtong 
62,budaya kafir bersungguh klau hal2 islam tidak diendahkan 
63,la la la hm hmm semua diam semua bisu kita coba tanya sama rumput yg bergoyang 
64,apabila setan membisikkan was was kepadamu mintalah perlindungan kepada allah qs al a raf 200 dan fushilat 36 
65,klw ente atheis ngapain sibuk dgn agama orang 
66,lengserkan jokowi bangsat!
67,selamat hari kaini 2019gantipresiden 2019presidenbaru
68,bajingan homo! hati2 terhadap anak2 kita terutama di kamar mandi laki2 jgn biarkan sendiri! url
69,iya cocot 
70,karena budaya indonesia 
71,yang ngajarin solat a ajah itu orang aseng dia hanya ingin memecah belah islam 
72,x lo ngomong aja kaga bener bangke 
73,kita semua tidak pernah akan mempercayai yg negara kita disuatu hari nanti akan dijajah oleh kerana terdapat kes2pembubaran sistem2 beraja dinegara kita kini untuk menjadikan sebagai negara republik komunis padahal negara2 penjaja
74,tapi masih menikmati kebijakan yang dulu diusulkan pki lha yo opo 
75,kalo seumpama orang cina di usir paksa dari indonesia gimana
76,bunda ngentot yuk 
77,china babi china maling usirchina https t co 9y4hiwhjp2
78,bung karno anti asing dan beliau dari jawa coba deh adain konsensus lebih banyak mana jawa yang anti asing atau pro asing karena kebo ohannya kalau kami keliru kami tutup akun 
79,proyek korupsi rezim sby url
80,wajar saja lihat saja tingkah bbrp petinggi negeri ini yg suka mencampur bhs indonesia dgn bhs asing setiap kali bicara 
81,ab pribadi yg senang berkompetisi dalam hal yang baik dan positif
82,terus menurut lo kitab suci agama apa yg di bilang om mendadakkalap
83,suka nutup mata kaga ditutup pun udah terlihat teutup gara2 sipit ? 
84,sy sbg muslim tdk merasa pak menistakan kitab suci alqur an krn dlm alqur an sndri ada bbrp suku kata yg smpai dtik ini blm diketahui mkna faktualnya olh umat islam tp kami yakini kata tsb ada makna yg tersirat fiksi yg blm
85,eh kasar kau kampang 
86,bentar lagi gua rilis album the onta s wkwkwkwkwk 
87,ada cebong bang dia merasa paling benar 
88,najis banget gw ngetwit apa barusan wey 
89,kamu transgender atau gmn anjing url
90,awas bintitan lu ngintipin titit kucing 
91,bawel baper bolot baik bodor gaje wkwk apa ya udah itu aja deh 
92,gue saranin gk perlu bnyk bacot maling ayat langsung to the point aja lu jadi orang yg tdk sepaham lu teriakin aja kafir sesat liberal pemuja dukun bla blaaa pasti hatimu puas dehh 
93,jgn salah target bkn ahok agenda utama lengserkan jokowi 
94,masa baru kena hestek aja udah kepanasan ? kepo banget 2019gantipresiden
95,maju lu sini duit tapi kau goyang kaki tak buat pape mana la duit nak maju kat kau bodo url
96,hkbp berdiri itu sejak pecahnya kristen khatolik pada zaman penjajahan belanda dl tdk ada yg namanya kristen protestan yg ada cm kristen khatolik terjadilah perpecahan dan berdirilah hkbp yg pama kali di tarutung nah skrg anda sy k
97,ha ha banyak baca biar pintar jepang amerika china utang sama siapa anda tau enggak ?
98,prabowo sudah kalah menyebut bantuan jokowi hanya pencitraan adalah ratapan pilu
99,dan yang takut dengan adzan adalah iblis 
100,yg goblog itu adalah bani cebong tukang tipu penjilat penguasa yg ketahuan gerakin masa yg dibayar pakai nasi bungkus propaganda nasi bungkus memang selalu gagal 
101,wuih cebong sewot 
102,gerakan ini menekankan pentingnya kerja keras secara total untuk tingkatkan potensi bangsa
103,padahal gubernur saat ini djarot mayoritas paai politik di dprd juga pendukung ahok djarot payah ya mereka url
104,rezim rusak bukan memperbaiki systeamnya malah sibuk cari2 kesalahan klu itu pasti ketemu aja kpk alatnya besok pemerintah berganti berulang kembali engah pernah selesai siapapun organisasi orangnya 
105,saat orang orang saling menuding antek aseng aseng sesungguhnya beepuk tangan 
106,nah loh katanya anti aseng 
107,selamat pak semoga bisa terus berkiprah bahkan tingkat nasional 
108,asyikm3nang saya sih ikut ulama saja
109,yang saya ketahui bahwa diketapang banyak tka asing yg berkerja di berbagai perusahaan termasuk pt who tambang bouksid yg viral saat pilpres dulu dan bisa jadi ini karena kerja sama tsb terjadi di era gubernur cornelis dan wakilnya ora
110,anak pecun ga jauh2 dr hobi zina haha 
111,que bom sbbsnsn 
112,istirahat aja pak presiden momentum sudah berlalu saya pernah jadi saksi telinga dan mata awal rapat pembentukan pd di pacitan tahun 2003
113,pada 1979 house select committee on assassinations hsca menemukan cacat investigasi yang dilakukan fbi dan warren commission hsca juga menyimpulkan ada empat tembakan yang dilakukan dan kemungkinan terdapat konspirasi di dalamnya 
114,tak terasa genap 1 tahun mendatang 17 april 2018 akan digelar hajatan pilpres acara tahunan negara indonesia untuk memilih presiden semoga senantiasa berjalan aman dan lancar amin 
115,ian pantat 
116,ngakunya org pintar dan beragama emangnya agama mana yg memperbolehkan menista dan menghujat org lain? jgnkan orang bodoh org yg maaf sejak lahir idiot sekalipun dia kita hrs hargain sebagai sesama ciptaan tuhan ingat iblis itu juga pintar dan sangat licik! 
117,pendaftaran capres untuk pilpres2019 saja belum dibuka sampai agustus 2018 yang normatif begini politikus pdip masih belum paham? 2019gantipresiden !
118,si tolol udah tau pemerintah rezim komunis ini bobrok koruptor bisa pimpinan sidang dpr paya cebong url
119,dari dulu kenapa bapak w kalau ke mantan mantan w selalu mgerasa sedih ampe kepikiran dan gabisa tidur lohh?! dan w ngerasa jadi anak yg brengsek aja gt ke laki2 
120,cina perusak bangsa! usir ! stuju?
121,2019gantipresiden scra konstitusional hak setiap rakyat woiii! gini nih kalo planga plongo tapi kelakuan otoriter 
122,mari kita wujudkan pilkada kota bengkulu 2018 aman dan damai coki adem86 98heru ? 
123,mau tanya serius ini sm presiden jokowi knp yg ada cm islam nusantara knp tdk ada kristen nusantara budha hindu bahkan kong huchu nusantara? 
124,korsa pernyataan moeldoko bukti istana takut dengan kebangkitan umat islam
125,cowo yang jago drasex mana? sini ngentot sama adek luvian 
126,kroasia itu kapir tauuu ngapain blajar sm kapir udh lupa sm kapling sorga? 
127,loh bukan nya mentri suhao ada yg homo? 
128,gue tau loh bukan yang dulu yang masih culun dan cemen semua orang pasti akan berubah perlahan2 entah itu baik buruk 
129,pada perang salib dulu itu kerajaan di afrika terbagi dua yakni babilonia pemeluk kristen dan tobaco pemeluk islam 
130,kejar setorang memang cukup bangsad mana rupiah turun 
131,moga ini ada tindak lanjutnya! pelaporan terhadap ?penista agama? ade armando akan dilakukan langsung oleh ketua umum fpi kh shobri lubis ke bareskrim mabes polri gambir jakaa pusat pada selasa 10 4 pukul 13 00 wib perhaps 
132,bangke hajar! 
133,onta mati klo kebanyakan minum 
134,url ahok tng mrka trus was was hdpnya 
135,itu baru di sul teng ! ini ekses akibat tersandera hutang china ! 2019gantipresiden 2019presidenbaru 2019tetapjokowiganti
136,pride yunani hyper phania keangkuhan harga diri kesombongan dikenal juga dengan sebutan hubris vanity harga diri yang tinggi dapat merubah manusia sombong kesombongan membuat manusia terkutuk dimata tuhan dan dapat membuat manusia mencintai dirinya sendiri 
137,aku beanya tujuan pada hati logikaku yg menjawab tapi hati tak tenang aku beanya pada logika hatiku sedih ku cari jawaban dalam wasiat yg beliau tinggalkan dan aku mulai menjadi terasing dan asing di mata manusia tak apa duhai diri ada
138,tak hanya kurang beaji nya kpk era ini tapi era ini juga komitmen dlm pemberantasan korupsi tdk spt di era pak sby 
139,admin tolol di paai tolol paai tolol untuk orang tolol 
140,ayu ting ting goyang hot dekat raffi ahmad nagita slavina kampungan norak url
141,video ttg tka dibuat oleh malaysia tapi mengutip pernyataan saya di 
142,ppp jangan buru buru tolak wacana pilkada lewat dprd
143,random pagi2 ada bapak2 nyamperin ke meja kerja trus nanya pake bedak apa sih biar mukanya bersih istri saya butek soalnya ingin ku jawab pake air wudhu tapi ku kristen 
144,ko gua kampret 
145,memek lonte pengen disodok kontol gede 
146,jokowi aja yg mundur tutup url
147,ngomong opo itu mulut kok sepei banci beli kaca dulu lihat dirimu broo 
148,ada amin rasis ada amat dani ada ratna si paiiit ada si onta ada si lobang anus jdi jngan takut wo wo kehabisan obat penenang yh 
149,tunggu komando imam bejat cabul taik beer ape2 bawa ulama dasar banj sempak 
150,kabinet berantakan pemecah belah persatuan hanya ad di rezim ini 
151,dih! ngaku lebih pinter dr orang politik ngaca dulu woyy tampang loe aja k k orang bego! ckakakakak 
152,pdiperjuanganmenang dengan menekan perusahaan tambang dgn target proyek yang impossible lalu dilelang murah pada antek cina ntb contoh kasus pdip mau menang? dasar bajingan 
153,ga caya sama mulut buaya mu bwang 
154,2019 jika sby prabowo menyatu melawan mega jokowi maka peristiwa 2004 akan terulang dimana pdip yg incumbent dikalahkan mutlak oleh sby tp jk jkw mega sby melawan prabowo mk pilpres selesai sudah jk 3 poros di pilpres mk salah satu lawan
155,jangan kayak banci kaleng kamu gatot sering buat gaduh gentleman lah mundur siap bersaing di pemilihan presidens 2019 melawan jokowi
156,bebal 
157,yang terakhir karena indonesia negara dengan populasi muslim terbesar di dunia yang mana islam saat ini merupakan musuh barat amp komunis karena dapat menghambat agenda dan kepentingan mereka obviously 
158,umuh gt persib persib kunyuk! 
159,buat film muslim pilih ahok mati nggak di sholatin dijamin laris 
160,tapi banu banu yahudi itu tentu beda dgn banu banu kristen syriac salah satu perbedaan ad banu yahudi tetep pake eloah elohim yahwe sedangkan syriac sudah pake alah allah 
161,eh kenapa muka merah2 tu? tak dpt cendol ke? bukan la setan cuaca skrg ni panas 
162,pemberitaan saracen diframing katak seakan tim prabowo dan anies sandi seberulnya itu media menumpahkan sakit hati katak dan cebong ehe
163,giat bhabinkamtibmas brigpol mbs sihombing pd hari ini rabu 11 april 2018 melaks sambang desa dan tatap muka sekaligus monitoring kamtibmas menuju pilkada 2018 di desa lobusiregar i tepatnya dirumah rudi panjaitan helman siahaan dan hotman siahaan
164,syg bgt ya ngeliat perempuan kyk gini gak ada status apa2 tp udah nemplok sm laki laki sana sini haduh nagita slavina blak blakan sebut ayu ting ting kampungan viva url
165,jgn lupa juga kang umat katolik dan minorutas lainnya diperhatika gubernur untuk semua golongan bukan satu golongan 
166,kan ane bukan cebong udeh dibilangin dari maren masih ngeyel situ maksa ane jadi cebong? 
167,kelemahan gerindra itu ada di orang ini prabowo turun elektabilitasnya karena congor fadlizon spt durno 
168,selamat hari kaini setiap kali selalu dirayakan lalu apa maknanya kali ini ? ?
169,foto memang bisu tpi memiliki banyak ai yg sush diaikan sma sepei kamu susah diaikan mau putus atau lanjut ? 
170,wakakakaka aku sudah mengalaminya tetiba muncul grub wa a n bani abd hadi a k a mbahku dan seketika aku mek kenal beberapa orang saja 
171,abam pres badar n nuqaba pling boekkk ? dia ni hebat dlm bidang agama x tkut nk tgur member sndiri n selalu wat lawak hambar yg pling aku ingt smpai skrg lawak dia klau org ckp jom gerak skrg dia akn gerakkn badan dia yg chubby tu ? 
172,?seorang anak pekan telah mengilhamkan dasar ekonomi baru deb dan menjadi penggerak utama kepada kemajuan ekonomi luar bandar beliau adalah allahyarham tun abdul razak ? ds malaysiamemilih hogohundi
173,hahaha sialaaan nih si ternyata klo lg laper presiden juga mau disikat sama doi ? ? 
174,mau menasehati kali supaya ga ugal2an nih rezim eh tapi ini negeri sdh keburu ancor nah skrg saja ekonomi morat marit kacaoooooo! 
175,aelaah silit kebeler ngapa dikasianin org makin sayang saya pak setelah kasus sosmed gw baru sadar bbrapa hal di seitansai kemarin tar gw ceritain duuuhhh 
176,iya tdi cacad 
177,tahun 2019 rakyat makan aspal dan beton ini adalah solusi jitu mengurangi kemiskinan keahlian cebong hanya 1 tukang tipu ! cebong mah gitu goblok nggak ketulungan plonga plongo mengakibatkan optimisme berlebihan 2019gantipresiden 
178,aku pernah sempat baca ttg harun yahya ini yg membelot ke kubu yahudi dgn freemasonry nya kdg suka ga percaya 
179,kita maju bersama ulama kita bergerak bersama semua tokoh agama untuk indonesia nderekgusmus
180,
181,mukidikepedean peanyaan mudah ya dijawab yg keras tapi saya minta dijawab yg keras siapa nama saya ?
182,kemarin di hujat sekarang mengharap dasar para bani kamprey 
183,penjelasan sy bukan fitnah silahkan dibantah apollinaris darmawan sebut al quran kitab sampah
184,monyet aja koloe dbilang saudra sma elo pasti ogah hdupmu kok gini amat ya toe hati apa comberan? 
185,body lufra scrub dg bhn dasar lidah buaya utk mlembabkn kulit amp lbh bcahaya info 087812026394 bmi 
186,tak punya cacat di masa lalu krn blum bermasa lalu 
187,jangan2 penganut bumi datar juga? soalnya teori bumi bulat kan dari orang asing yg notabane musuh mereka 
188,becak warga binjai hendak disita karena gunakan tenda beuliskan 2019gantipresiden pks meradang bukti pemerintah panik dan takut? 
189,lebih baik jokowi mundur 
190,munas alim ulama ppp di semarang menghasilkan lima rekomendasi syarat dan kriteria kriteria bagi calon wakil presiden yang akan mendampingi bpk jokowi di 2019 mendatang romahurmuziy
191,luar biasa pencerahan nya saya merasa gagal sebagai anak ekonomi wkwk
192,kafan berasal dari budaya yahudi kenapa umat islam mengklaim ? 
193,oleh rezim skrg atas kendali negara cina komunis yg mjd patron tunggal rezim anti islam jokowi 
194,itu tanda nya mau pilkada n pilpres
195,misi4 membangun masyarakat yang gotong royong toleran dan harmoni selaras nilai budaya jawa barat yang luhur no3jabarasyik asyikm3nang
196,ketabahan pasangan en taufiq dan puan nurliyana yang wajar dicontohi jom kita beri sumbangan untuk meringankan beban pasangan ini come on twitter do your things! bsn 0510541000096745 bank islam 05058020145124 nurliyana bte abdul raziff 
197,apaansi tai baru gt doang belagunya udah selangit ga inget ada karma? ntar bbrp taun lagi kalo idol lu flop gua ketawa paling keras 
198,celeng kgn gw y 
199,teranginegeri dengan budaya yuk pada visit ke purwokeo mumpung ada even rakyat purwokeo eavaganzabanyumas
200,presiden itu punya dana taktis dia bisa menggunakan untuk kepentingan rakyatnya di luar program2 pemerintah yang sudah ada soal program banyak sekali ada pembangunan infrastruktur kip kis seifikat tanah perhutanan sosial bbm 1 harga padat karya 
201,aamiin ya allah timnya kinan aja sampai pelatihan ular karena dia dapat di rawa rawa aku dapatnya di sungai gede gt dan musuhnya buaya wkwkw 
202,maju kamu ngatain mama aku bolot 
203,grombolan kadal jidat gosong mmg bgtu sukanya ribut tapi klo grombolanya yg salah pura2 budek dasar grombolan cingkrang url
204,segitu gentarnya dia takut terhadap kafir 
205,betul padahal saracen juga siapa sehingga akun yang kritis dianggap saracen kan aneh jokowi
206,siapa bego lu bukan tmn gua najis dah kesel sendiri gue 
207,kafir kristen selalu buat ulah
208,tau dong bau baunya udh keciri ini sipit buluq 
209,kayak memegang bukan mucikari 
210,guru tk dharma wanita persatuan desa plumbon porong deklarasi anti hoax ujaran kebencian issu sarah dan mendukung pilkada damai
211,anjir serem maennya begituan 
212,kayaknya bisa? atau cuma bank teentu? bilang aja mau jual uang asing tukar ke rupiah 
213,onta yaman ni setahun lagi gua depoasi loe 
214,hati hati berita pilkada yang berbau hoax madiun madiuntoday 100thmadiun kotakarismatikmadiun tolakcukaiilegal kunjungi juga
215,anak cocot ya ini 
216,udah ketauan hoax ya fahri mangkanye klu ambil berite tuyg update jangan dari tong sampah diambil terus di ss taunya berit udah
217,mantaaap dm dekat sama banser bang 
218,ternyata ada lebah yg gak suka bunga tapi makan bangkai gw penasaran madu nya kaya gimana 
219,pantas indonesia mundur dalam segala bentuk
220,naahh yg dongo yg bilang hekell hahaha 
221,hahahaha blunder lu cebong yg gak ngasih tuh pem pusat dengan alasan ham kalau rakyat aceh ya mau kali pun cobak kau datangi pemerintah bilang suruh buat hukum islam kaffah di aceh klau dpr a
222,bangsad gua dah nyelem ampe bawah2 balik lgi ke atas!1! 
223,saya tak bisa dipancing pancing dgn urusan penistaan atau bukan saya hanya berbicara pemahaman saya ttg fiksi dan kitab suci 
224,cebong kacung itu kt temen gw dungunya sampe ke tulang sum2 jd jgn buang2 energi debat sm mereka 
225,paai korupsi sapi goblog 
226,signal kntl ! pemeliharaan apalagi ini ? niat gak sih ? login twitter doank susah amat gmn mau open redtube ? cetan ! 
227,matane aku moh aku kafir wkwkwk 
228,jadi inget fesbuk anjir lupa aku 
229,kalo aing sih bakal bilang hilih kntl 
230,nikita mirzani udah pake hijab yg masih ngomong cebang cebong udah pernah fantasiin doi belom? uh ah! cokorers 
231,tatapannya dialihkan ke arah lain enggan menatap pria mencurigakan itu lagipula siapa yang peama kali membuat gaduh suasana? jika angie tidak menemukan ada seorang pria asing yang tidur di sofanya kejadian sepei ini tidak akan terjadi 
232,lahir dan berkembangnya gerakan komunis di indonesia tidak dapat dipisahkan dari sebuah organisasi yg bernama isdv 
233,shaheizy sam wajah baharu calpis
234,ya terserah lo aja balasnya kembali fokus kepada kerjaan kita kami mengerjakan tugas project seni budaya hanya dalam 2 hari setelahnya langsung dikumpul dan dipresentasikan bersyukur nilainya memuaskan setelah kejadian project itu kami makin
235,ga bakalan bro
236,kelakuan bodoh masuk kategori perbuatan tidak menyenangkan kelakuan sontoloyo sangat menganggu persatuan bangsa kelakuan naif secara tidak langsung sbg bentuk intimidasi thd ulama kelakuan 
237,monyet turun ke pemukiman warga cibadak sukabumi url
238,kotor ga masalah yang penting bahagia warganya cebong mana ngei 
239,mau giveaway taplak meja tapi nanti yang menang cuma therichchenle 
240,sudah kebuka satu demi satu kebusukab kubu anies sandi yg menang dengan tanpa berkah url dan prabowo berusaha cuci tangan
241,wkwkwkwk bodo bang 
242,bikan kaya orang bego bro ?tapi memang b ego 
243,klhk upayakan pemerataan ekonomi melalui tora di kawasan hutan dan perhutanan sosial tribun medan
244,pak mahfud md sudah berpaling dari allah swt pemberang demi bangsa ajak semua buang islam
245,orang2 bego kebanyakan minum amp makan kotoran onta otak nya somplak 
246,apa yang terkuak semuanya sudah jelas sejak awal memang itu strategi kampanye kami di tim pemenangan anies sandi url
247,warga baduy setelah selesai memperingati tradisi seba di pendopo pemkab lebak akan dilanjutkan kembali beemu dengan gubernur banten wahidin halim hari ini sabtu 21 4 sebabaduy2018 
248,lembaga2 anti korupsi masa lalu bubar krn sentuh kekuasaan giliran kpk kenapa pdip paai politik penguasa yg plg ngotot ingin bubarkan kpk?
249,justru mas klo mnyudutkan salah satu agama tentu malah bahaya itulah pak rocky ini cerdik dia bisa nyusun kalimat yg tepat amppantas dgunakan inti dari ini dia mau kasih tau pngeian fiksi sbenarnya ayolah mas nya i
250,para pendukung capres gagal move on salalu sibuk urus aseng bawa kabur uang rp 35 t tapi ngak sadar kenapa aseng bisa kabur bawa uang sebanyak itu tanpa didukung pribumi asu mustahil aseng bisa pribumi hanya diam kalau disogok mental kacung emang url
251,lo rabun apa budek? gue nulis gak ngomong! 
252,bismillah nahan sepo yang terkutuk 
253,brahahahaaa cebong nya ngahok ! cebong blm cebok 
254,apdet status bikin tugas2 kelar gak ya? kok jancuk sekali mbut! 
255,pak walaupun anda muslim sebagai pejabat negara anda harus beindak demi bangsa negara
256,ikan yg sudah sembuh dari sakitnya dan yg masih terselamatan bagus laik jual harus dipisah atau diseleksi dari ikan yg cacat permanen untuk pemeliharaan lebih lanjut kesehatanikan cc 
257,ainya apa ? pribumi sadari lihat siapa mereka ? kecuali kalian sama sama cina komunis misionaris abaikan tweet ini usir cina indonesia
258,presiden yang anda tuduh rezim anti islam sudah banyak berbuat untuk negeri ini sudah bnyak berbuat untuk umat url
259,manusia bangsad 
260,tpi ingat ya jangan sampe cina mengenalkan wisata haram jga ke indonesia hahaha
261,nanya di mana prabowo dan pks saja bib kan asoy tuh dianggap antek prabowo dan antek pks hidupmu pasti lebih dramatis
262,persahabatan salah lovren ini jadi bukti bahwa beda suku agama ras bukanlah halangan dlm membina hubungan dgn sesama umat manusia perbedaan justru menjadi warna tersendiri dlm menjalin peemanan terima kasih lovren salah! ? ? favourites bff bro
263,sama aja lh lae meskipun sdh turun menurun tp ideologi pki sllu melekat di jiwa mreka 
264,saya juga sebel kalo ada yg ngeroko sambil naik motor yakan kadang engap kalo ditutup terus apalagi macet 
265,udah minta maaf kunyuk bro enak bgt rasan mereka sebar hoax minta maaf sebar hoax lagi minta maaf lagi mesti d sapu dulu biar jera nih orang url
266,hello warga jakaa wakil kepala dpmptsp provinsi dki jakaa bapak denny wahyu haryanto mewakili wakil gubernur provinsi dki jakaa membuka acara 2018 junior chamber international jci indonesia national event setiamelayanijakaa
267,selain perkuat jaringan gubernur juga menekankan perlunya menguasai state of the a knowledge sea bahasa selama merantau di luar indonesia 
268,pandangan tgb terhadap agama dan politik
269,provider brengsek 
270,susilo bambang yudhoyono presiden ri ke 6 meminta khofifah emil untuk dekat dengan masyarakat no 1 bisa ! baguss
271,yang dungu itu orang yang mau ganti presiden! tp g tau siapa! mikiiiir! 
272,bokep cewek bispak bandung ngentot croot di dalam download full url url
273,kampret complain rag ditanggepi fuck 
274,kamu kok kaya jablay gta maunya dijemput pake mobil 
275,lihat memek tante 
276,sementara itu kerjanya musuhi dakwah islam bubarkan hti ! rakyat jg berhak lengserkan jokowok tukang pencitraan!
277,hah katanya saling melengkapi orang buktinya kamu juga goblok gimana si? 
278,tidak! kata salah seorang khalifah rasyidin itu kami dahulu memerangi orang kafir bersama mereka kalau begitu mereka orang orang munafik tidak juga sebab orang muna
279,dia doyan nete un jadi maklumin 
280,nek ndelok match terkhir celsi sih kudune menang mudah emyu tapi yo embuh sih celsi kacrut ki raiso diprediksi 
281,yakali pak tni suruh urusin sampah plastik 
282,itulah yg di khawatirkan dari manuver politik dan kebijakan yg dilakukan oleh rezim ini semoga hal tersebut tidak akan pernah terjadi di nkri tercinta aamiin 
283,permadi arya melaporkan rocky gerung ke polisi? serius tuh? kitab suci itu fiksi kata rocky pernyataan itu salah? anda merasa terhina? wait bukankah biasa penganut agama a menganggap kitab suci 
284,bajingan tengik memang 
285,kok bs pake buruh cina? kan rakyat sendiri bnyak pngangguran dasar rejim kodok!
286,
287,rp haneul pada cute padahal rlnya perek yang on retweet 
288,bilangnya anti asing aseng nda taunya wkwkwkwkwk 
289,di suriah sekolah radikal dan rakit bom plg ke indonesia jadi tempat pkl ya di amankan 
290,karena kadang hidup emang kayak tai malah kadang yang berak orang lain tapi elo yang harus beresin tainya tangan lo y 
291,ih banci selotipan 
292,haha kalah ni yee org jahat pasti kalah
293,gubernurzamannow gusipulputi2 ganjaryasin1 djarotsihar2 hasananton2 kosterace1 nurdinsudirman3 karolingidot2 keanekaragaman budaya suku agama itulah sesungguhnya kekayaan kita ? tutur djarot di hadapan pesea rakercabsu ? 
294,yg cinta orba pasti meng idola kan prabowo amp hary tanoe d
295,nantang buka dadalah eh nyebut setanlah emang sudah pada habis kamus ngelawan kenegarawanan pak joko widodo presiden ri ke 7 pada makin stresssssss nie hati2 kena stoke atau serangan jantung nanti rakyat indonesia kehilangan badut2 politik merdeka 
296,belah duren yaaaa gak dungu ya gak cebong maaf ya 
