,Cleaned Text
0,di saat semua cowok berusaha melacak perhatian gue. kamu lantas remehkan perhatian yang gue kasih khusus ke elo. basic kamu cowok bego !
1,siapa yang telat memberi tau elu?edan sarap gue bergaul dengan cigax jifla calis sama siapa itu licew juga 
2,"kadang aku berfikir, kenapa aku tetap percaya pada tuhan padahal aku selalu jatuh berkali kali. kadang aku merasa tuhan itu meninggalkan aku sendirian. ketika orang tuaku berencana berpisah, ketika kakakku lebih memilih jadi kristen. ketika aku anak ter"
3,aku itu aku ku tau matamu sipit tapi dilihat dari mana itu aku 
4,kaum cebong kafir sudah kelihatan dongoknya dari awal tambah dungu lagi haha 
5,ya bani taplak dan kawan kawan 
6,deklarasi pilihan kepala daerah 2018 aman dan anti hoaks warga dukuh sari jabon
7,gue baru saja selesai re watch aldnoah zero! paling kampret memang endingnya! 2 karakter utama cowoknya kena friendzone bray! xd uniform resource locator
8,"nah admin belanja satu lagi po terbaik nak makan ais kepal milo, ais kepal horlicks atau cendol toping kau kaw. ? doket mana itu ? gerai rozak meuaku taipan 2 depan kembar baby amp romantika bank islam senawang ?"
9,enak lagi kalau sambil ngewe 
10,"setidaknya gue punya jari tengah buat lu, sebelum gue ukur nyali sama bacot kamu "
11,"banci kaleng malu tidak bisa jawab peanyaan kami dari 2 hari lalu, nyungsep koe uniform resource locator"
12,"kalau belajar ekonomi mestinya jago memprivatisasi hati orang. duh, ironi "
13,"aktor huru hara 98 prabowo si ingin lengserkan pemerintahan jokowi, nyata"
14,bu guru enakan jadi jablay atau guru sekolah dasar sih. kayaknya menikmati jadi pecun ini guru. 
15,"lawan bicara gue tidak intelek kayak loe, yang otak tidak punya. tentang kencing onta, gue mengakui hadis nabi dan itu sahih. kafir kayak kamu pasti menolak, makanya kamu ahlunnar. "
16,belakangan ini kok pikiran ampas banget ya 
17,ari sama beki adalah rapi monyet 
18,jadi cowok itu harus gantle kalau tidak gantle itu namanya banci ! 
19,alga mnr bom 
20,"anjing ya tapi gue jarang ngambek, takut wkwk gue kan bucin. "
21,kalau kamu noob pasti peluang disakiti nya lebih gede sih 
22,"joko widodo dinilai sebagai presiden terlemah dalam sejarah indonesia. hal ini terjadi bukan saja karena jokowi tidak memiliki modal dukungan politik yang cukup, melainkan juga karena ketidakmampuan pemerintahannya menghadapi situasi ekonomi tidak"
23,pelajar sama kecamatan bilah hilir deklarasi anti hoaks amp pilihan kepala daerah 2018 damai
24,bandara udara internasional keajati dibangun oleh gubernur ahmad heryawan tanpa gunakan anggaran pendapatan dan belanja negara pemerintah pusat. insya allah siap beroperasi bulan depan
25,"siapapun gubernur dan presidennya, rakyatnya, ya kita juga,"
26,ini sih kerjaannya delay mulu! setan! 
27,menurutku pintu sorga ada yaitu pintu sorga yang asli dan pintu hatimu modus banget
28,partai komunis indonesia hanya muncul jika jelang pemilihan kepala daerah dan pemilihan presiden karena digoreng sampai gosong.
29,itu adalah sudah nenek nenek saya heran sama cebong biasanya bohong terus 
30,"islam nusantara produk jil, dipasarkan dengan gencar oleh antek jil. sementara jil anti arab, tapi pro aseng! kata almarhum kh. hasyim muzadi,"
31,dari habis sahur sampai jam si bayi sudah nete 4x. sekarang rasanya lemas tak terkira 
32,tidak kak emak adalah tidak suka sama yang sipit wkwk 
33,"kelakuan homo jaman now, ngentot saja sambil live di blued gay video gvid lokal hangat uniform resource locator"
34,"tidak kak, gue bukan orang jawa maaf ya gue orang palembang soalnya, kakak saja deh yang belajar aksara jawa. atau kelak mau belajar budaya palembang?"
35,pegawai guardian training lagi kayak mentang mentang gue kayak gembel cuma kaos sama flat shoes bertanya dijutekin bangsat memang malas belinya juga kabur gue ke matahari 
36,para bajingan yang telah melukai lady harus menerima ganjaran seratus kali lipat! sanji selamat ulang tahun pelaut jkt48 
37,ajakan menolak berita hoaks dan sukseskan pilihan kepala daerah di wilayah kota kediri 
38,presiden ri jokowi luar biasa kerja nya tulus ikhlas untuk rakyat bersama jokowi
39,edan memang tujuannya fabiano! 
40,tidak pernah mendalami al alquran ya bang? pantas saja mulutnya kayak orang kafir bejat hina farhat abbas law 
41,"sangat terlihat beda sekali kewibawaannya , yang sangat berwibawa cuma gubernur indonesia masya allah,"
42,anjir baru kali ini lihat orang bego mau debat pilkada. kerjanya menyerang karakter. kecewa on kamu empok silvy and agus. debat final pemilihan kepala daerah jakarta
43,"gubernur zaman now gus ipul puti 2 ganjar yasin 1 djarot sihar 2 hasan anton 2 koster ace 1 nurdin sudirman 3 karolin gidot 2 keanekaragaman budaya, suku, agama, itulah sesungguhnya kekayaan kita, ? tutur djarot di hadapan pesea rakercabsu ? "
44,"apa iya islam itu tidak boleh dilokalisasi? lah kristen saja mas ada nusantaranya mas, lihat saja di gereja di bandung ada yang pakai gamelan dan ada yang khotbah pakai bahas sunda jawa, ada huria kristen batak protestan juga kurang nusantara apa? "
45,"ciptakan situasi keamanan dan ketertiban masyarakat menjelang pilihan kepala daerah 2018, kepala kepolisian sektor konang silaturahmi ke tokoh masyarakat"
46,positif kok. se positif respon masyarakat terhadap cangkul impor garam impor beras impor jagung impor tenaga kerja impor esemka impor uniform resource locator
47,"kata sembahyang mengadopsi tradisi lokal pada masa pekerjaan hindu. istilah sembahyang pun lahir dari tradisi ritus menyembahhyang yang tunggal , sama dengan salat menyembah all"
48,"kamu pendidikan tinggi tapi bodoh,gk ada larang bawa agama,biar orang islam yang di bayar ahok sadar tidak jadi memilih ahok gila"
49,"ahok the best ,abaikan kaum kampret otak micin , "
50,", sih otak tempurung adalah tidak usah di ladenin. semakin di lawan semakin belum dan dungu. dan kalau tidak begitu dia tidak makan. hehe "
51,"awaasss, jangan sampai beritanya sampai ke saudara gerung! nanti susah mencari kosakatany. kalau bocor saja memicing mata, bibir monyong kesamping, suara keluar ky lagi nhn kentut, politik kotor sekali zaman ini! . kalau tahu b ini, pulang sambil ky nhn ngeden, dungu! . "
52,pinokio umur 3 tahunan tuh. 2019 ganti presiden
53,"cerita silat lae semacam kho merah muda oh yang dari indonesia, tapi liang ie shen penulis dari cina "
54,benci sekali dengan umat islam
55,"provokasi mayat, politisasi agama penyebab kekalahan pilihan kepala daerah dki, beginilah cara cebong mendeskripsikan kekalahan junjungannya. for your information ahok belum pernah ikut pemilihan apapun kecamatan jadi wakil dan dia bukanlah etnis mayoritas"
56,dari pada gue nete 
57,wkwk bani lowo 
58,"takabur bisa lahir dari siapa saja. penguasa, rakyat, ulama maupun cendikia. bahkan iblis makhluk yang alim amp telah beribadah beratus ratus tahun dilaknat karena hasud takabburnya. apalagi hanya seorang ahli ilmu filsafat yang tidak failosof mari kita demo diri sendi"
59,"a orang yang suka ke konser konser, sedikit boros."
60,sampai kapan makan racun ? banyak ulama yang mengatakan hukum rokok mubah dan ada juga ? 
61,susilo bambang yudhoyono presiden ri ke 6 meminta khofifah emil untuk dekat dengan masyarakat . no 1 bisa ! bagus khofifah emil nomor satu
62,"sudah biasa kali. gue penggemar korea pop tapi kalau mengomong sama teman teman gue, idol gue banci homo "
63,saya suka video uniform resource locator awal kisah perseteruan haji bolot amp malih tongtong 
64,"budaya kafir bersungguh, kalau hal hal islam tidak diendahkan,"
65,"lah lah la,hm hem semua diam ,semua bisu kita coba tanya sama rumput yang bergoyang "
66,"apabila setan membisikkan was was kepadamu, mintalah perlindungan kepada allah. qs. al a raf 200 dan fussilat 36 . "
67,"kalau kamu atheis,ngapain sibuk dengan agama orang,"
68,lengserkan jokowi bangsat!
69,selamat hari kaini 2019 ganti presiden 2019 presiden baru
70,bajingan homo! hati hati terhadap anak anak kita terutama di kamar mandi laki2jgn biarkan sendiri! uniform resource locator 
71,iya cocot 
72,karena budaya indonesia.
73,yang mengajarkan salat a saja itu orang asing dia hanya ingin memecah belah islam 
74,x kamu berbicara saja tidak benar bangkai 
75,kita semua tidak pernah akan memercayai yang negara kita di suatu hari nanti akan dijajah oleh ke ranah terdapat kasus kasus pembubaran sistem sistem beraja di negara kita kini untuk menjadikan sebagai negara republik komunis padahal negara negara penjaja
76,"tapi masih menikmati kebijakan yang dulu diusulkan pki, lah iya opo,"
77,kalau seumpama orang cina di usir paksa dari indonesia bagaimana
78,bunda ngentot yuk 
79,"cina babi, cina maling, usir cina hypertext transfer protocol over secure socket layer t.co 9y4hiwhjp2"
80,"bung karno anti asing dan beliau dari jawa, coba deh adakan konsensus lebih banyak mana jawa yang anti asing atau pro asing karena kebo ohannya. kalau kami keliru kami tutup akun "
81,proyek korupsi rezim susilo bambang yudhoyono uniform resource locator
82,"wajar saja, lihat saja tingkah beberapa petinggi negeri ini yang suka mencampur bahas indonesia dengan bahas asing setiap kali bicara "
83,ab pribadi yang senang berkompetisi dalam hal yang baik dan positif
84,terus menurut kamu kitab suci agama apa yang di bilang om mendadak kalap
85,suka menutup mata. tidak ditutup pun sudah terlihat teutup gara gara sipit ? 
86,"saya sebagai muslim tidak merasa pak menistakan kitab suci alquran an, karena dalam alquran an sendiri ada beberapa suku kata yang sampai detik ini belum diketahui makna faktualnya oleh umat islam, tetapi kami yaitu kata tersebut ada makna yang tersirat fiksi yang belum"
87,eh kasar kamu kampang 
88,bentar lagi gue rilis album the onta si wkwk 
89,ada cebong bang dia merasa paling benar 
90,najis banget gue mentwit apa barusan he 
91,kamu transgender atau bagaimana anjing uniform resource locator
92,awas bintitan kamu mengintip titit kucing 
93,"bawel, baper, bolot, baik, bodor , enggak jelas wkwk apa ya sudah itu saja deh "
94,"gue menyarankan tidak perlu banyak bacot maling ayat, langsung to the point saja kamu jadi orang, yang tidak sepaham kamu teriaki saja kafir sesat, liberal, pemuja dukun, bla blaaa, pasti hatimu puas deh , "
95,"jangan salah target bukan ahok, agenda utama lengserkan jokowi ,"
96,masa baru kena tagar saja sudah kepanasan ? ingin tahu banget 2019 ganti presiden
97,"maju kamu sini duit tapi kamu goyang kaki tak buat pape , mana lah duit nak maju kat kamu bodoh uniform resource locator"
98,"huria kristen batak protestan berdiri itu sejak pecahnya kristen katolik pada zaman penjajahan belanda,dl tidak ada yang namanya kristen protestan yang ada cuma kristen khatolik. terjadilah perpecahan dan berdirilah huria kristen batak protestan yang pama kali di tarutung. nah sekarang anda saya k"
99,"apa , apa , banyak baca biar pintar , jepang, amerika, china, utang sama siapa , anda tau tidak ,?"
100,prabowo sudah kalah menyebut bantuan jokowi hanya pencitraan adalah ratapan pilu
101,dan yang takut dengan azan adalah iblis 
102,yang goblok itu adalah bani cebong tukang tipu penjilat penguasa yang ketahuan gerakan masa yang dibayar pakai nasi bungkus. propaganda nasi bungkus memang selalu gagal. 
103,"wuih, cebong sewot, "
104,gerakan ini menekankan pentingnya kerja keras secara total untuk tingkatkan potensi bangsa
105,padahal gubernur saat ini djarot. mayoritas paai politik di dewan perwakilan rakyat daerah juga pendukung ahok djarot. payah ya mereka uniform resource locator
106,"rezim rusak bukan memperbaiki sistemnya malah sibuk cari cari kesalahan kalau itu pasti ketemu aja, komisi pemberantasan korupsi alatnya, besok pemerintah berganti berulang kembali engah pernah selesai siapapun organisasi, orangnya "
107,"saat orang orang saling menuding antek aseng, asing sesungguhnya beepuk tangan. "
108,nah lah katanya anti asing 
109,"selamat pak semoga bisa terus berkiprah, bahkan tingkat nasional."
110,asyik menang saya sih ikut ulama saja
111,yang saya ketahui bahwa diketapang banyak tenaga kerja asing asing yang bekerja di berbagai perusahaan. termasuk pt who tambang bauksit yang viral saat pemilihan presiden dulu. dan bisa jadi ini karena kerja sama tersebut terjadi di era gubernur cornelis dan wakilnya tidak
112,"anak pecun, tidak jauh jauh dari hobi zina, haha "
113,aku bom surat berharga syariah negara 
114,"istirahat saja pak presiden momentum sudah berlalu, saya pernah jadi saksi telinga dan mata awal rapat pembentukan pada di pacitan tahun 2003"
115,"pada 1979, house select committee on assassination hsca menemukan cacat investigasi yang dilakukan fbi dan warren commission. hsca juga menyimpulkan ada empat tembakan yang dilakukan dan kemungkinan terdapat konspirasi di dalamnya. "
116,"tak terasa genap 1 tahun mendatang 17 april 2018 akan digelar hajatan pilpres, acara tahunan negara indonesia untuk memilih presiden. semoga senantiasa berjalan aman dan lancar. amin."
117,ian pantat 
118,"mengakuinya orang pintar dan beragama, memangnya agama mana yang memperbolehkan menista dan menghujat orang lain?. jangankan orang bodoh, orang yang maaf sejak lahir idiot sekalipun dia, kita harus hargai sebagai sesama ciptaan tuhan. ingat iblis itu juga pintar dan sangat licik! "
119,"pendaftaran calon presiden untuk pemilihan presiden 2019 saja belum dibuka sampai agustus 2018,yang normatif begini politikus partai demokrasi indonesia perjuangan masih belum paham? 2019 ganti presiden !"
120,sih tolol sudah tau pemerintah rezim komunis ini bobrok koruptor bisa pimpinan sidang dewan perwakilan rakyat paya cebong uniform resource locator
121,dari dulu kenapa bapak gue kalau ke mantan mantan gue selalu merasa sedih sampai kepikiran dan tidak bisa tidur lohh?! dan gue merasa jadi anak yang berengsek saja begitu ke laki laki 
122,cina perusak bangsa! usir ! stuju?
123,2019 ganti presiden secara konstitusional hak setiap rakyat woiii! . begini nih kalau plonga plongo tapi kelakuan otoriter.
124,mari kita wujudkan pilihan kepala daerah kota bengkulu 2018 aman dan damai. . . coki adem86 98heru ? 
125,"mau tanya serius ini sama presiden jokowi kenapa yang ada cuma islam nusantara,knp tidak ada kristen nusantara,budha,hindu bahkan kong hucu nusantara? "
126,kebersamaan pernyataan moeldoko bukti istana takut dengan kebangkitan umat islam
127,cowok yang jago drasex mana? sini ngentot sama adik luvian 
128,"kroasia itu kafir tauuu,ngapain belajar sama kapir,udh lupa sama kapling sorga? "
129,lah bukan nya menteri suhao ada yang homo? 
130,gue tau lah bukan yang dulu yang masih culun dan takut semua orang pasti akan berubah perlahan lahan entah itu baik buruk 
131,pada perang salib dulu itu kerajaan di afrika terbagi dua yakni babilonia pemeluk kristen dan tobaco pemeluk islam 
132,"kejar setoran memang cukup bangsad, mana rupiah turun "
133,"semoga ini ada tindak lanjutnya! pelaporan terhadap ?penista agama? adek armando akan dilakukan langsung oleh ketua umum front pembela islam kh. shobri lubis ke badan reserse kriminal markas besar polri, gambir, jakaa pusat pada selasa 10 4 pukul 13.00 wib. perhaps "
134,"bangke, hajar! "
135,. onta mati kalau kebanyakan minum 
136,uniform resource locator ahok tng mereka terus was was hidupnya 
137,"itu baru di sul teng, ! ini ekses akibat tersandera hutang cina ! 2019 ganti presiden 2019 presiden baru 2019 tetap jokowi ganti"
138,"pride yunani hyper phania keangkuhan harga diri kesombongan dikenal juga dengan sebutan hubris vanity. harga diri yang tinggi dapat mengubah manusia sombong, kesombongan membuat manusia terkutuk dimata tuhan.dan dapat membuat manusia mencintai dirinya sendiri "
139,"aku beanya tujuan pada hati logikaku yang menjawab tapi hati tak tenang aku beanya pada logika hatiku sedih ku cari jawaban dalam wasiat yang beliau tinggalkan. dan aku mulai menjadi terasing dan asing di mata manusia. tak apa duhai diri, ada"
140,"tak hanya kurang beaji nya komisi pemberantasan korupsi era ini,tapi era ini juga komitmen dalam pemberantasan korupsi tidak surat pemberitahuan tahunan di era pak sby,"
141,admin tolol di paai tolol paai tolol untuk orang tolol 
142,"ayu ting ting goyang hot dekat raffi ahmad, nagita slavina kampungan, norak uniform resource locator"
143,video tentang tenaga kerja asing dibuat oleh malaysia tapi mengutip pernyataan saya di 
144,ppp jangan buru buru tolak wacana pilihan kepala daerah lewat dewan perwakilan rakyat daerah
145,"random pagi pagi ada bapak bapak menyamper ke meja kerja terus bertanya pakai bedak apa sih biar mukanya bersih, istri saya butek soalnya ingin ku jawab pakai air wudhu tapi ku kristen. "
146,kok gue kampret 
147,memek lonte ingin disodok kontol gede 
148,jokowi saja yang mundur. tutup. uniform resource locator
149,"berbicara apa itu.mulut kok sepei banci,beli kaca dulu lihat dirimu,. bro "
150,"ada amin rasis. ada amat dani ada ratna sih paiiit. ada sih onta. ada sih lobang anus. jadi jangan takut oi wo, kehabisan obat penenang yh. "
151,"tunggu komando imam bejat cabul . tai bir apa apa bawa ulama, dasar banj sempak "
152,kabinet berantakan pemecah belah persatuan hanya ada di rezim ini 
153,"dih! mengakui lebih pintar dari orang politik, mengaca dulu oi tampang kamu saja k k orang bego! wkwk "
154,"partai demokrasi indonesia perjuangan menang dengan menekan perusahaan tambang dengan target proyek yang impossible, lalu dilelang murah pada antek cina. ntb contoh kasus. partai demokrasi indonesia perjuangan mau menang? dasar bajingan "
155,tidak percaya sama mulut buaya mu bawang 
156,"2019, jika susilo bambang yudhoyono prabowo menyatu melawan mega jokowi , maka peristiwa 2004 akan terulang dimana partai demokrasi indonesia perjuangan yang incumbent dikalahkan mutlak oleh sby. tetapi jika jokowi mega susilo bambang yudhoyono melawan prabowo, mk pemilihan presiden selesai sudah. jika 3 poros di pilpres, mk salah satu lawan"
157,jangan kayak banci kaleng kamu gatot sering buat gaduh gentleman lah mundur siap bersaing di pemilihan presiden 2019 melawan jokowi
158,"bebal,"
159,"yang terakhir karena indonesia negara dengan populasi muslim terbesar di dunia, yang mana islam saat ini merupakan musuh barat amp komunis karena dapat menghambat agenda dan kepentingan mereka. obviously "
160,umuh begitu persib persib kunyuk! 
161,"buat film muslim pilih ahok mati enggak di sholatin, dijamin laris ,"
162,tapi banu banu yahudi itu tentu beda dengan banu banu kristen syriac. salah satu perbedaan ada banu yahudi tetap pakai eloah elohim yahwe sedangkan suriah sudah pakai alah allah 
163,eh kenapa muka merah merah tu? tak dapat cendol ke? bukan lah setan cuaca sekarang nih panas. 
164,pemberitaan saracen diframing katak seakan tim prabowo dan anies sandi. sebenarnya itu media menumpahkan sakit hati katak dan cebong. ehe
165,"giat bhayangkara pembina keamanan dan ketertiban masyarakat brigadir polisi manajemen berbasis sekolah sihombing pada hari ini, rabu 11 april 2018 melaksanakan sambang desa dan tatap muka sekaligus memantau keamanan dan ketertiban masyarakat menuju pilihan kepala daerah 2018 di desa lobusiregar i, tepatnya di rumah rudi panjaitan, helman siahaan dan hotman siahaan"
166,"sayang banget ya melihat perempuan kayak gini, tidak ada status apa apa tetapi sudah menempel sama laki laki sana sini. haduh, nagita slavina blak blak sebut ayu ting ting kampungan viva uniform resource locator"
167,"jangan lupa juga kang, umat katolik dan minoritas lainnya diperhatika. gubernur untuk semua golongan bukan satu golongan. "
168,kan saya bukan cebong sudah dibilangi dari kemarin masih mengeyel situ memaksa saya jadi cebong? 
169,"kelemahan gerindra itu ada di orang ini,,prabowo turun elektabilitasnya karena congor fadli zon surat pemberitahuan tahunan durno "
170,"selamat hari kaini, setiap kali selalu dirayakan, lalu apa maknanya kali ini ? ?"
171,"foto memang bisu ,tpi memiliki banyak ai yang susah diaikan,sma sepei kamu susah diaikan,mau putus atau lanjut ? "
172,wkwk aku sudah mengalaminya setibanya muncul grub wa a.n bani abdi hadi a.k.a mbahku dan seketika aku mek kenal beberapa orang saja 
173,"ayah pres badar dan nuqaba paling boekkk ?, dia nih hebat dalam bidang agama, x takut natural killer tegur member sndiri, dan selalu buat lawak hambar yang paling aku ingat sampai sekarang lawak dia kalau orang cukup jom gerak sekarang dia akan gerakan badan dia yang chubby itu ?,"
174,?seorang anak pekan telah mengilhamkan dasar ekonomi baru deb dan menjadi penggerak utama kepada kemajuan ekonomi luar bandar. beliau adalah allah ya rahman tun abdul razak ? ds malaysia memilih hogohundi
175,"haha sialaaan nih sih , ternyata kalau lagi laper, presiden juga mau disikat sama dia ?"
176,"mau menasihati kali supaya tidak ugal ugalan nih rezim, eh tapi ini negeri sudah keburu ancor,nah sekarang saja ekonomi moral marit, kacaoooooo! "
177,"alah silit kebeler,. kenapa dikasianin,., orang makin sayang saya pak,., setelah kasus media sosial gue baru sadar beberapa hal di satu instansi kemarin.,. tar gue ceritain,., duuuhhh,. "
178,"iya, tadi cacat "
179,"tahun 2019 rakyat makan aspal dan beton ini adalah solusi jitu mengurangi kemiskinan keahlian cebong hanya 1, tukang tipu ! cebong adalah gitu, goblok enggak ketulungan. plonga plongo mengakibatkan optimisme berlebihan 2019 ganti presiden "
180,"aku pernah sempat baca tentang harun yahya ini yang membelot ke kubu yahudi dengan freemason nya,kdg suka tidak percaya, "
181,kita maju bersama ulama kita bergerak bersama semua tokoh agama untuk indonesia ikut gus mus
182,
183,"mukidi terlalu percaya diri peanyaan mudah ya, dijawab yang keras , tapi saya meminta dijawab yang keras , siapa nama saya ?"
184,kemarin di hujat sekarang mengharap dasar para bani kampret 
185,"penjelasan saya bukan fitnah, silakan dibantah apollinaris darmawan sebut al alquran kitab sampah"
186,"monyet saja koloe dibilang saudara sama kamu pasti ogah, hidupmu kok begini amat ya, itu hati apa comberan? "
187,body lufra scrub dengan bahan dasar lidah buaya untuk melembabkan kulit amp lebih bercahaya info 087812026394 body mass index 
188,tak punya cacat di masa lalu karena belum bermasa lalu 
189,jangan jangan penganut bumi datar juga? soalnya teori bumi bulat kan dari orang asing yang notabene musuh mereka. 
190,"becak warga binjai hendak disita karena gunakan tenda beuliskan 2019gantipresiden, partai keadilan sejahtera meradang bukti pemerintah panik dan takut? "
191,"lebih baik jokowi mundur,"
192,musyawarah nasional alim ulama ppp di semarang. menghasilkan lima rekomendasi syarat dan kriteria kriteria bagi calon wakil presiden yang akan mendampingi bapak jokowi di 2019 mendatang. romahurmuziy
193,"luar biasa pencerahan nya, saya merasa gagal sebagai anak ekonomi, wkwk"
194,"kafan berasal dari budaya yahudi, kenapa umat islam mengklaim ? "
195,oleh rezim sekarang atas kendali negara cina komunis yang menjadi patron tunggal rezim anti islam jokowi 
196,itu tanda nya mau pilihan kepala daerah dan pemilihan presiden
197,misi 4 membangun masyarakat yang gotong royong toleran dan harmoni selaras nilai budaya jawa barat yang luhur nomor tiga jawa barat asyik asyik menang
198,"ketabahan pasangan dan taufik dan puan nurliyana yang wajar dicontohi, jom kita beri sumbangan untuk meringankan beban pasangan ini, come on twitter do your things! badan standarisasi nasional 0510541000096745 bank islam 05058020145124 nurliyana bosan abdul razif "
199,"apa sih tai baru begitu doang belaganya sudah selangit. tidak ingat ada karma? nanti beberapa tahun lagi kalau idol kamu flop, gue tertawa paling keras. "
200,celeng kangen gue iya 
201,"terangi negeri dengan budaya , yuk pada mengunjungi ke purwokeo ,mumpung ada even rakyat. . purwokeo eavaganzabanyumas"
202,"presiden itu punya dana taktis, dia bisa menggunakan untuk kepentingan rakyatnya di luar program program pemerintah yang sudah ada. soal program banyak sekali ada pembangunan infrastruktur, kip, kis, seifikat tanah, perhutanan sosial, bahan bakar minyak 1 harga, padat karya,"
203,amin ya allah timnya kinan saja sampai pelatihan ular karena dia dapat di rawa rawa. aku dapatnya di sungai gede begitu dan musuhnya buaya wkwk 
204,maju kamu memaki mama aku bolot 
205,"gerombolan kadal jidat gosong,mmg bgtu, sukanya ribut tapi kalau gerombolannya yang salah pura pura budek,dasar gerombolan cingkrang uniform resource locator"
206,"sebegitu gentarnya dia takut terhadap kafir, "
207,betul padahal saracen juga siapa sehingga akun yang kritis dianggap saracen kan aneh jokowi
208,siapa bego kamu bukan teman gue najis sudah kesal sendiri gue 
209,kafir kristen selalu buat ulah
210,"tau dong, bau baunya sudah keciri ini sipit buluk "
211,"kayak memegang, bukan mucikari "
212,"guru tk darma wanita persatuan desa plumbon porong deklarasi anti hoaks ,ujaran kebencian, isu sarah dan mendukung pilihan kepala daerah damai"
213,anjir seram mainnya begituan 
214,kayaknya bisa? atau cuma bank teentu? bilang saja mau jual uang asing tukar ke rupiah 
215,onta yaman nih setahun lagi gue depoasi kamu 
216,hati hati berita pilihan kepala daerah yang berbau hoaks madiun madiun today 100thmadiun kotak karismatik madiun tolak cukai ilegal kunjungi juga
217,anak cocot ya ini 
218,sudah ketahuan hoaks ya fahri makanya kalau ambil berita tuyg pembaruan jangan dari tong sampah diambil terus di screenshoot taunya berita sudah
219,mantap direct message dekat sama barisan serba guna bang 
220,"ternyata ada lebah yang tidak suka bunga, tapi makan bangkai. gue penasaran madu nya kayak bagaimana "
221,pantas indonesia mundur dalam segala bentuk
222,nah yang dongok yang bilang hacker haha 
223,"haha blunder kamu cebong, yang tidak memberi itu pem. pusat dengan alasan ham, kalau rakyat aceh ya mau kali pun, coba kamu datangi pemerintah bilang suruh buat hukum islam kaffah di aceh, kalau dewan perwakilan rakyat a"
224,bangsat gue sudah menyelam sampai bawah bawah balik lagi ke atas!1! 
225,saya tak bisa dipancing pancing dengan urusan penistaan atau bukan. saya hanya berbicara pemahaman saya tentang fiksi dan kitab suci.
226,"cebong kacung itu kita teman gue dungunya sampai ke tulang sum2,jd jangan buang buang energi debat sama mereka, "
227,"paai korupsi sapi,goblog, "
228,"sinyal kontol ! pemeliharaan apalagi ini ? niat tidak sih ? login twitter doang susah amat, bagaimana mau open redtube ? setan ! "
229,matanya aku tak mau aku kafir wkwk 
230,jadi ingat facebook anjir lupa aku 
231,kalau aku sih bakal bilang alah kontol 
232,"nikita mirzani sudah pakai hijab, yang masih berbicara cebang cebong sudah pernah fantasikan dia belom? uh ah! cokorers "
233,"tatapannya dialihkan ke arah lain, enggan menatap pria mencurigakan itu. lagipula, siapa yang peama kali membuat gaduh suasana? jika angie tidak menemukan ada seorang pria asing yang tidur di sofanya, kejadian sepei ini tidak akan terjadi."
234,lahir dan berkembangnya gerakan komunis di indonesia tidak dapat dipisahkan dari sebuah organisasi yang bernama indische sociaal democratische vereeniging 
235,shaheizy sama wajah baharu calpis
236,"ya, terserah kamu aja. balasnya kembali fokus kepada pekerjaan kita. kami mengerjakan tugas proyek seni budaya hanya dalam 2 hari, setelahnya langsung dikumpul dan dipresentasikan. bersyukur nilainya memuaskan. setelah kejadian proyek itu kami makin"
237,tidak akan bro
238,kelakuan bodoh masuk kategori perbuatan tidak menyenangkan kelakuan sontoloyo sangat menganggu persatuan bangsa kelakuan naif secara tidak langsung sebagai bentuk intimidasi terhadap ulama kelakuan 
239,monyet turun ke pemukiman warga cibadak sukabumi uniform resource locator
240,"kotor tidak masalah yang penting bahagia warganya, cebong mana ngei "
241,mau giveaway taplak meja tapi nanti yang menang cuma the rich chenle 
242,sudah kebuka satu demi satu kebusukan kubu anies sandi yang menang dengan tanpa berkah uniform resource locator dan prabowo berusaha cuci tangan
243,wkwk bodoh bang 
244,"bukan kayak orang bego,bro ?tapi,memang,b,ego. "
245,kementerian lingkungan hidup dan kehutanan upayakan pemerataan ekonomi melalui tora di kawasan hutan dan perhutanan sosial tribun medan
246,"pak mahfud md sudah berpaling dari allah subhanahu wa taala pemberang, demi bangsa ajak semua buang islam"
247,"orang orang bego kebanyakan minum amp makan kotoran onta ,otak nya somplak "
248,apa yang terkuak semuanya sudah jelas sejak awal memang itu strategi kampanye kami di tim pemenangan anies sandi uniform resource locator
249,"warga badui setelah selesai memperingati tradisi seba di pendopo pemerintah kabupaten lebak akan dilanjutkan kembali beemu dengan gubernur banten wahidin halim hari ini, sabtu 21 4 seba baduy 2018 "
250,lembaga lembaga anti korupsi masa lalu bubar karena sentuh kekuasaan. giliran komisi pemberantasan korupsi kenapa partai demokrasi indonesia perjuangan paai politik penguasa yang pulang mengotot ingin bubarkan kpk?
251,"justru mas kalau menyudutkan salah satu agama tentu malah bahaya,itulah pak rocky ini cerdik. dia bisa menyusun kalimat yang tepat amppantas dgunakan,inti dari ini dia mau kasih tau pngeian fiksi sbenarnya,ayolah mas nya i"
252,para pendukung calon presiden gagal pindah on selalu sibuk urus asing bawa kabur uang rupiah 35 t. tapi tidak sadar kenapa asing bisa kabur bawa uang sebanyak itu tanpa didukung pribumi asu. mustahil asing bisa. pribumi hanya diam kalau disogok. mental kacung emang. uniform resource locator
253,kamu rabun apa budek? gue menulis tidak ngomong! 
254,bismillah menahan sepo yang terkutuk 
255,"brahahahaaa, cebong nya ahoker ! cebong belum cebok "
256,"update status bikin tugas tugas selesai tidak ya? kok jancuk sekali, mbut! "
257,"pak walaupun anda muslim, sebagai pejabat negara, anda harus beindak demi bangsa negara"
258,"ikan yang sudah sembuh dari sakitnya dan yang masih terselamatkan bagus, laik jual harus dipisah atau diseleksi dari ikan yang cacat permanen untuk pemeliharaan lebih lanjut. kesehatan ikan cc "
259,ainya apa ? pribumi sadari lihat siapa mereka ? kecuali kalian sama sama cina komunis misionaris abaikan twit ini usir cina indonesia
260,"presiden yang anda tuduh rezim anti islam sudah banyak berbuat untuk negeri ini sudah banyak berbuat untuk umat, uniform resource locator"
261,manusia bangsat . 
262,tetapi ingat ya. jangan sampai cina mengenalkan wisata haram juga ke indonesia haha
263,bertanya di mana prabowo dan partai keadilan sejahtera saja bib kan asyik itu dianggap antek prabowo dan antek pks. hidupmu pasti lebih dramatis
264,"persahabatan salah lovren ini jadi bukti bahwa beda suku, agama, ras, bukanlah halangan dalam membina hubungan dengan sesama umat manusia. perbedaan justru menjadi warna tersendiri dalam menjalin peemanan. terima kasih, lovren salah! ?favourites best friend forever bro"
265,"sama saja lah lae,meskipun sudah turun menurun tetapi ideologi partai komunis indonesia selalu melekat di jiwa mreka. "
266,"saya juga kesal kalau ada yang merokok sambil naik motor, iyakan kadang pengap kalau ditutup terus apalagi macet "
267,"sudah meminta maaf kunyuk bro. enak banget rasan mereka,sebar hoax, meminta maaf,sebar hoaks lagi, meminta maaf lagi. mesti di sapu dulu biar jera nih orang, uniform resource locator"
268,"halo warga jakaa, wakil kepala dinas penanaman modal dan pelayanan terpadu satu pintu provinsi daerah khusus ibukota jakaa, bapak denny wahyu haryanto mewakili wakil gubernur provinsi daerah khusus ibukota jakaa membuka acara 2018 junior chamber international jci indonesia nasional event setiamelayanijakaa"
269,"selain perkuat jaringan, gubernur juga menekankan perlunya menguasai state of the a knowledge sea bahasa selama merantau di luar indonesia "
270,pandangan tuan guru bajang terhadap agama dan politik
271,penyedia berengsek 
272,susilo bambang yudhoyono presiden ri ke 6 meminta khofifah emil untuk dekat dengan masyarakat . no 1 bisa ! bagus
273,yang dungu itu orang yang mau ganti presiden! tetapi tidak tau siapa! mikiiiir! 
274,bokep cewek bispak bandung ngentot crot di dalam unduh full uniform resource locator uniform resource locator
275,kampret complain raga ditanggapi fuck 
276,kamu kok kayak jablay grand theft auto maunya dijemput pakai mobil 
277,lihat memek tante 
278,"sementara itu kerjanya memusuhi dakwah islam bubarkan hti,! rakyat juga berhak lengserkan jokowi kodok tukang pencitraan!"
279,"hah, katanya saling melengkapi. orang buktinya kamu juga goblok. bagaimana si? "
280,"tidak! kata salah seorang khalifah rasyidin itu, kami dahulu memerangi orang kafir bersama mereka . kalau begitu, mereka orang orang munafik . tidak juga. sebab, orang munafik"
281,dia suka nete ujian nasional jadi maklumkan 
282,"nek lihat match terakhir chelsea sih harusnya menang mudah emyu, tapi iya embuh sih chelsea kacrut ki enggak bisa diprediksi "
283,"ya kali pak tentara nasional indonesia suruh uruskan sampah plastik, "
284,"itulah yang di khawatirkan dari manuver politik dan kebijakan yang dilakukan oleh rezim ini, semoga hal tersebut tidak akan pernah terjadi di negara kesatuan republik indonesia tercinta, aamiin, "
285,"permadi arya melaporkan rocky gerung ke polisi? serius tuh? kitab suci itu fiksi, kata rocky. pernyataan itu salah? anda merasa terhina? wait. bukankah biasa penganut agama a menganggap kitab suci,"
286,bajingan tengik memang 
287,kok bisa pakai buruh cina? kan rakyat sendiri banyak pngangguran.dasar rejim kodok!
288,
289,rupiah haneul pada cute padahal pacarnya perek.yang on retweet 
290,"bilangnya anti asing, aseng,nda taunya, wkwk "
291,"di suriah sekolah radikal dan rakit bom,plg ke indonesia jadi tempat pkl,ya di amankan "
292,"karena kadang hidup memang kayak tai. malah kadang yang berak orang lain tapi kamu yang harus bereskan tainya, tangan kamu iya "
293,ih banci selotipan 
294,haha kalah nih iya orang jahat pasti kalah
295,"gubernur zaman now gus ipul puti 2 ganjar yasin 1 djarot sihar 2 hasan anton 2 koster ace 1 nurdin sudirman 3 karolin gidot 2 keanekaragaman budaya, suku, agama, itulah sesungguhnya kekayaan kita, ? tutur djarot di hadapan pesea rakercabsu ? "
296,yang cinta orde baru pasti meng idola kan prabowo amp hary tanoe di
297,"menantang buka dadalah, eh menyebut setanlah memang sudah pada habis kamus melawan kenegarawanan pak joko widodo presiden ri ke 7, pada makin stresssssss nih hati hati kena strok atau serangan jantung nanti rakyat indonesia kehilangan badut badut politik merdeka."
298,"belah duren yaaaa. tidak dungu,ya tidak cebong. maaf ya. "
299,"2,orang orang yahudi dan nasrani yang telah kami beri al kitab taurat dan injil mengenal muhammad "
300,bubarkan hati amp fpi. uniform resource locator
301,ahok memang verbalnya keras. pelampiasan dan pelarian karena kelelakiannya lunak.
302,"sekadar bagikan juga teman teman kantor aku kalau ada pelanggan yang bercadar langsung bilang awas ada bom, aku hanya menghela nafas, "
303,pantat mana nih ingin menusuk dan ditusuk open bo wa 08157686707 gay berondong massage boy gayjakaa gay yogyakarta gay tangger 
304,"yang diancam untuk dibunuh itu presiden republik indonesia mas, terus mesti lapor dulu? apakah penegak hukum tidak bisa beindak jika ada ancaman pembunuhan kepada kepala negaranya? "
305,kayak orang nyosor mau meminta nete 
306,ngewe baik 
307,jebur belum bukan cebur 
308,"partai keadilan sejahtera ulang tahun di balai kota, rr berbicara mencalonkan presiden di balai kota. ganti saja namanya jadi ?balai politik ?. ? "
309,pak perlu melanjutkan rencana untuk menyeret ke pengadilan ham pbb ! uniform resource locator
310,"kebijakan pengembalian barang kepada konsumen yang dilakukan apabila barang tersebut rusak, cacat produksi atau konsumen merasa kurang puas dengan produk tersebut terhitung selama 7 hari dari tanggal pembelian. haus mini quiz hazid yuk ikutan "
311,kisah hidup muhammad yang lebih lengkap dapat diunduh di sini
312,"penjajahan di atas bumi indonesia harus di hapus kan. penjajahan ekonomi, budaya, hasil bumi oleh cina harus kita basmi. demi nkri. usir,"
313,we ada pipis onta tercecer di mari pantas bau pesing 
314,"kalau kejadian disini, mungkin juga kalian yang teriak paling lantang pmh pro asing lebih dahulu pas ditawari bantuan asing. bikin posko ini itu yang intinya malah mengompori keluarga korban lama pmh. bilang 15 hari kelamaan, harusnya 3"
315,"mari berjuang,sampai jokowi dilantik kembali di tahun jangan gentar ! jangan takut ! walau mata benang di leher, walau ujung tombak di perut ! tidak akan surut langkah kita, tidak akan bisu suara kita, tidak akan"
316,kayak monyet 
317,survei di metro televisi jokowi menang dari presiden baru tapi cara menghitungnya bagaimana ya 45 bisa mengalahkan 46 jangan jangan salah judul maksudnya jokowi masih menangis sumber zie bajrie
318,
319,"cuba lah tegak anime ni, karakai jozu no takagi san, kalau rasa nak feeling feeling cinta monyet zaman sekolah,memang throwback habes,9 10 uniform resource locator"
320,serunya pesta budaya derau di kutai kaanegara!
321,"ada yang mau contactnya? retweet sekarang ya, banyak banget kenalan tante jilboobs sange, ini namanya tante dea, o "
322,"debat publik bukan ajang pembuktian siapa pintar atau sebaliknya, juga bukan ruang akademik untuk pamer siapa paling ciamik. setiap orang punya kekuatan dan kelemahan, bukan hanya soal dirinya, itu egosentris namanya. ini lebih pada soal kekuatan menahan l"
323,duduki istana negara ! sekalian lengserkan jokowi salam dua tahun 
324,"wah hebatnya pak , yang lagi sibuk pencitraan, , , , baca nih"
325,"bagi anda mungkin tidak apa2, tapi bagi kami muslim ini sangat menghinakan kami. iblis betina itu sudah menista syariat kami "
326,baby kafir buddha teroris myanmar
327,indonesia belum merdeka indonesia masih dijajah oleh orang cina ! takbir allahu akbar uniform resource locator
328,"memang benar kata pengamat politik hanta yudha ,kalau pasangan calon no.2 ini tidak ada kan nya di jawa tengah . jawa tengah gayeng 2019 tetap jokowi"
329,jongos penista agama ahok sok sok ngong sara.majikan nya penebar sara astagfirllah. tobat
330,"boleh saya follow beli juga? saya katolik dan ikut akun prof untuk menambah wawasan berbangsa,terima kasih "
331,"kapan itu sih bejat cabul balik ? pengecut sih onta itu ye, "
332,"menurut wibisono, pencitraan jokowi telah disebarkan up media massa pro asing, sehingga terkesan jokowi berhasil."
333,adian gaya kamu kayak beruk. begini kalau supir tembak metromini masuk dpr. kampungan lu. 
334,", km terlalu mainstream mengaaikan pintar . pintar itu relatif tergantung mau dibawa kemana pengeiannya. surat pemberitahuan tahunan anda pintar meng undeeestimate kan org. gue pintar komen ajah. rejim now pintar mangkrakan janji janji doang. so,making"
335,kan memang gue dongok 
336,ih masak di samakan sama sampah 
337,gue terpukau 2019 ganti presiden
338,aspirasi ibu lina dari sumedang kepada calon gubernur jabar berantas perebut laki orang yang sudah meresahkan kehidupan warga desa . 
339,"yaelah chat saja kamu urusin, itu yang sudah kelihatan mesum anggota dewan perwakilan rakyat pada mingkem, yang nyata selingkuh tujuh tahun kalian pura pura budek, cebong iq dua ratus tidak sampai otaknya, "
340,"itu yang saya katakan sejak dulu lagi kita tak takut dengan cina atau pai dap tapi kita bimbang pemahaman yang dibawa oleh mereka, "
341,cermin pun pecah saat dirinya berkaca 
342,"langsung tag paainya, tidak berani ya, berai kamu banci, "
343,awwww comel nya asing kan ikut warna 
344,"islam menjadikan manusia yang idealis namun tetap realistis. mempersiapkan kehidupan masa kini, namun tak lupa masa depan. diajak bekerja keras, dan diajak pula beristirahat."
345,kristus anjing anjing jembut keparat picek tai pejuh siwuk kutang siwuk idiot keparat picek tai pejuh siwuk kutang siwuk idiot keparat picek tai pejuh siwuk kutang siwuk idiot keparat picek tai pejuh siwuk kutang siwuk idiot keparat picek tai pejuh siwuk k
346,"agama katolik tidak ada yang menyebut katolik nusantara, agama kristen protestan tidak ada yang menyebut kristen protestan nusantara, agama hindu tidak ada yang menyebut hindu nusantara, agama buddha tidak ada yang menyebut buddha nusantara, ,lha kok ini"
347,"karena berbasis teknologi digital, presiden juga meminta sistem betul betul jalan, dan langsung bisa digunakan dan ramah bagi pengguna. ratas"
348,"ah itu kan perasaanmu saja untuk menghibur diri, mana ada cebong tidak bahagia, presiden cebong punya, tol cebong punya, lah elo? punya cuma germo "
349,"kami lebih resah anda jadi presiden! hidup anda penuh drama dan pencitraan, main film televisi saja joko judulnya uniform resource locator"
350,agama kristen golongan darah b asal san fernando valley 
351,buddha bunuh muslim di myanmar
352,yahudi bangkai meminta sama jerman sana tempat ibadah 
353,papa minta ketua fraksi rakyat mau nya setya novanto keluar dari dewan perwakilan rakyat bukan di pecat dari ketua dewan perwakilan rakyat percuma saya di pecat dan masih ada di dewan perwakilan rakyat
354,cina 
355,"hoax, kodok, biawak, meroket, sekop, bangsat, karbitan, munafik, 2019 ganti presiden 2019 presiden baru 2019 tenggelamkan jokowi ke sungai siak"
356,itu yang pada ribut komunis bla bla mungkin emoh baca. yang baca pun kalau punya niat agitasi menyerang pemerintah pakai ini cari simpatisan
357,10.presiden jokowi berharap skema kerja sama ini juga dapat dilakukan di dalam pembangunan pembangunan lainnya. ?
358,"pemilihan umum langsung biar buat memilih presiden dan dewan perwakilan rakyat saja calon presiden pun biar tidak kayak kucing dalam karung, mungkin bisa bikin mekanisme baru yang lebih ok, misal calon presiden ditentukan dari gubernur yang berprestasi, jadi yang boleh maju jadi calon presiden hanya yang sudah jadi gubernur,"
359,"tidak vital gimana?udah dari kapan inter tidak punya bek kanan yang bisa jadi pembeda, terakhir itu ya era maicon, di ambrosio juga baru baru setelah kedatangan cancelo bagusnya, hmmmm,berai kesimpulannya yang geblek ausilio ini, "
360,"namanya juga agama munafik, "
361,contoh lain meski banyak tudingan dugaan korupsi tapi susilo bambang yudhoyono tidak pernah dorong kejaksaan usut. apalagi himbau komisi pemberantasan korupsi usut dugaan korupsi jokowi
362,saya mencium bau bau pecun uniform resource locator
363,"berhenti jadi konsumen wisata haji rumah yang menipu, jadilah produsen wisata jiarah indonesia"
364,pemburu nazi simon wiesenthal memegang foto foto yang menggambarkan mantan kepala gestapo laki laki rauf dan sebuah van kamar gas bergerak yang dibuatnya untuk mengeksekusi orang orang yahudi. 
365,"yang ada, caci maki penista agama tapi ternyata ketahuan poligami mengumpet apa mau digituin? saya sih ogah."
366,bubarkan negara kesatuan republik indonesia harga mati
367,"ingat baik baik kata sih royson, jokowi kacung gua,! itulah mungkin alasan fundamentalnya kenapa rezim ini justru sepei sengaja masuk ke dalam debt trap komunis cina! so, menjadi wajib untuk 2019gantipresiden! "
368,wkwk mampus. aku mau pepet ujian ah 
369,gubernur jaman now ya anti hoaks bukan menyebar isu yang tidak pasti ganjar yasin menang ganjar yasin 1 kami ganjar yasin
370,azan di televisi memanggil manggil allah subhanahu wa taala dungu biadab harus dihentikan dan acara catut nama tuhan tidak boleh dilanjutkan
371,"semua itu terdapat pada kelakuan bani cebong, "
372,aku sudah lah baju macam yahudi bertopi siap. 4 bas itu geng semua jubah putih kopiah minyak atar berjanggut dahi belekok bak ahli syurga siap. nih betul betul out of place. mohon aku tak dirajam 
373,gue ge akan marah. cuma auto daftar hitam dari kehidupan gue. sampah apa gunanya kalau tidak didaur ulang? 
374,anjir apa rasanya bekas silit adalah 
375,cebong makin kepanasan jadi makin ngawur. 
376,amin semoga kalian beiga bisa jadi menampilkan yang terbaik dan menyumbangan medali buat sumatra selatan
377,
378,"gubernur zaman now gus ipul puti 2 ganjar yasin 1 djarot sihar 2 hasan anton 2 koster ace 1 nurdin sudirman 3 karolin gidot 2 keanekaragaman budaya, suku, agama, itulah sesungguhnya kekayaan kita, ? tutur djarot di hadapan pesea rakercabsu ? "
379,"sudah jangan terlalu banyak membingkai bangkai, cukup menjadikannya pelajaran saja, agar hidup kita semakin baik pada masa yang akan datang. "
380,edan aku yang masih pemula menangis saja lihatnya ya ampun kamu r gue saja masih sedikit banget 
381,"nah,klo partai komunis indonesia alias paai korupsi indonesia perlu diganyang juga ga?"
382,"perempuan kayak kamu mending mati saja deh, jelek aja, enggak usah sok jadi make up aist!"
383,dijual lagi gue kayak jablay 
384,"yang bijak cuma petugas dan jajaran kereta listrik doang, para penumpang cuma pengikut doang menyuruh orang untuk mengei, sendirinya tidak mau mengei kebutuhan banyak orng. kan bangke, "
385,"sepertinya itu titit nya di sambung, terus pakai accessoris juga "
386,mata gue pas kecil sipit tetapi sekarang malah engga. aneh banget 
387,kok ingat aku buat banci ke gigih natural killer kira uniform resource locator
388,mewaspadai cina komunis yang ada di indonesia!
389,banci kampungan heeee! 
390,gembel ganteng tidak perlu dikasihani karena banyak yang mencintainya. asyik asyik hebat 
391,deklarasi pilihan kepala daerah 2018 aman dan anti hoaks toga jemirahan jabon
392,setia usaha agung pas datuk takiyuddin hasan sahkan ada pihak cuba pinda perlembagaan pai ini sepei yang dikatakan presiden pai sebelum ini.
393,memangnya aku najis 
394,sastra e karl mark. pentolan komunis rusia. 
395,"otak mereka kayaknya benar benar di bool deh mess, terus tiap harinya makan silit jadinya begitu "
396,"ganti rezim kacung lah, cebong adalah begitu kalau ditanya "
397,"cina, apa hak kamu melarang?"
398,"anda hebat bicara cinta masih pegang alquran sebagai pegangan hidup, alquran tak bicara cinta tapi perang, bunuh, penggal"
399,kelamaan jomlo nanti jablay 
400,"perjaka kok di jual, sok sok an mau booking, tante idiot njir, "
401,rev 1 jangan pilih ulama yang dekat dengan kafir dan munafik 
402,buat menjaga kebersihan lingkungan itu orang orang belum pada melek sama kewajibannya. asal buang sampah dan berbicara kan ada petugas kebersihannya 
403,"sejuk gila dalam ofis, kulit buaya ke apa "
404,"ooo camtu, biasalah kena seimbang, ada baik ada nakal, ada kucing ada anjing, ada abang ada lain lain, ada dark side ada brightside, tak chill dan tak sosial lah kalai tak ada pelengkap, kahkahkah, k bang selamat maju jaya, sudah terjawab persoalan saya, terima kasih, "
405,"segala permasalahan saat ini hanya ada satu solusi 2019 ganti presiden jika pun tidak berdampak signifikan,sekurang?nya kita telah mengobati dan mencegah penyakit ini beambah parah."
406,"gampang kak, kamu buka hp, buka browser, ketik budaya palembang silakan menikmati pembelajaran dengan gratis "
407,segerombol onta yang mengakui membela umat tapi itu semata mata demi kepentingan politik praktis.tgb jauh lebih demokratis dia mementingkan umat yang berpikiran modern.salut untukmu tuan guru bajang 
408,culun mending kampung jess 
409,"goyangan jilboobs mantap benar nih hyper kontol doi. tadi sambil squi loh, yang belum menonton live nya, besok dia "
410,"islam di indonesia itu adalah islam nusantara, islam yang sudah di modifikasi sedemikian rupa supaya masuk dengan budaya indonesia yang beragam, islam nusantara adalah islam yang toleran."
411,"presiden aspek indonesia mbak kami tidak anti investasi asing tapi , apabila berubah jadi invasi asing, sudah kewajiban kita sebagai warga negara untuk melawannya"
412,? pukul 09.15 waktu indonesia bagian barat kepala unit binaan masyarakat inspektur polisi dua mt. hutasoit melaksanakan sambang dan menyampaikan pesan pesan keamanan dan ketertiban masyarakat tentang pilihan gubernur dan pilihan kepala daerah 2018 kepada karyawan bank rakyat indonesia ranting muara damenra silit dan kawan kawan di desa hutanagodang kec. muara kab. tap. utara.
413,"kalimantan sudah biasa tujuan gini, batu bara nya di keruk, listriknya megap2,"
414,"?fardu kifayah ? atau berhukum wajib dalam ajaran islam. pada pemilihan presiden mendatang, harus ada utusan dari kalangan santri yang disokong ulama untuk maju memimpin negeri."
415,hah? wah bangkai memang nih truk 
416,nahdliyin meminta setop penghinaan terhadap maruf amin
417,"cebong, kampret, dan onta juga tidak bersinggungan dengan laut "
418,risa baru saja pulang dari pelatihan khususnya ketika iris hazel miliknya menangkap siluet seorang gadis. gadis yang sangat asing. belum pernah risa temui gadis ini sebelumnya di radio tempatnya tinggal dan bekerja ini. maka dari itu r
419,"haha orang gila berbicara cak,? makanya jangan terlalu banyak micin biar otak kamu encer cong, berbicara saja ngawur muslim kamu itu muslim silit tau,babi. "
420,"coba mengaca dan introspeksi,apakah keluarga anda yang tidak pakai hijab komunis jga?,otak dipakai jangan cuma jadi propey orang pak"
421,muhammadiyah inggris jalin kerja sama pengendalian ekstremisme
422,"kalau neraka terkena bom , maka surga akan selalu ada untuk semua orang di muka bumi ini termasuk goku. "
423,bot mau nanya. ih liebe ih ainya apa? yang jawab nanti bot kasih ipad yang barusan mencemplung di jamban kuda 
424,copot darmin nasution menteri perekonomian perekonomian bodoh yang turunkan daya beli sejak menjabat 
425,bodoh amat anjir bodoh tertawa gue tertawa astagfirullah humor banget uniform resource locator
426,"matamu picek, cukk, tidak lihat prestasi pak jokowi, guoblokkk,! tolol,! "
427,"berhasil penjarakan ahok, alumni 212 pendukung rizieq akan lengserkan jokowi usai lebaran"
428,"coba dedengkot jin terus terang ke para ulama saudi atau rilis ke publik tentang akidah jin. contoh, jin tidak anggap kafir pemeluk kristen, hindu, budha, dan lain lain semua punya peluang masuk surga. aku yakin akan keluar fatwa dari saudi jin adal"
429,"atau sepei hujan lebat dari langit, bersama dengan gelap gelita, dan guruh sea kilat mereka menyumbat jarinya ke dalam telinga masing masing dari mendengar suara petir, ke ranah mereka takut mati. masakan mereka boleh terlepas sedang allah me"
430,cerdas dan konseptual
431,"namaku baik yoon lagi , ucapan terputus seiring dia menyergap mata yang terasa mengantuk sedikit demi sedikit. gigit bibirnya ragu karena dia ingin menggapai gelas sekali lagi untuk meminum sebagaimana wine yang ditinggal di sama"
432,"bismillah, melayu raya, tanah melayu macam macam nama kita pernah dengar. tapi pernah tak kita kaji, besar mana jajahan tanah melayu dulu? dalam thread ini saya akan kupaskan serba sedikit tentang bani jawi. "
433,"bila nak kawin nih kena simpan duit,ilmu agama kena cukup, semua benda kena cukup lah senang cerita"
434,"aduh lucu banget adik kelas gue pas sama laporan katanya bang hari ini kita field trip ke taman safari, heran sudah menyebut 1 nama temannya dia mau arisan sama keluarganya saja bawa 1 sekolahan. tai, arisan. "
435,bagaimana mainnya anjing 
436,"inilah kehebatan dan kearifan suku baduy. hutan tetap terjaga, budaya menjadi nafas kehidupan. mereka hidup dengan menjaga keseimbangan alam."
437,"ya iyalah giliran begini saja pada ramai yang membela dulu pas idol mati, cuma sedih doang malah diserbu gila gilaan yang sarap siapa ya maap? "
438,"bersabar, berdoa, usaha, ikhtiar, mudah mudahan bentar lagi 2019 ganti presiden tidak pakai contekan, tidak pakai plonga plongo, ?"
439,"umat islam siapa yang kamu mksd? fpi? hti? mereka bukan muslim. tetapi penista islam. bajingan mereka itu. muslim tidak mungkin berbuat onar. pengecut lari dari tinggi jawab setelah mesum. apa apa islam, apa apa islam. giliran mesum apa itu islam? berbuat onar itu islam?"
440,warga semarang prihatin kontroversi puisi gus mus
441,celeng nya bang acon susah banget sudah xa
442,tapi kenapa kamu malah cari musuh! dasar peranakan cebong kampret! 
443,"setuju, dpr, menteri, dan seluruh pejabat negara wajib dipotong 50 termasuk presiden. tiap pegawai negeri sipil dipotong jg. pegawai swasta tidak dipotong. "
444,"wah nih akun berhasil membodohi kaum 212, yang bikin kaum kaumnya sendiri biar dikata jokowi anti islam, wkwk "
445,yang juara menipu kan junjungan kalian wahai bani kampret 212 
446,aku tidak ada keturunan cina tapi aku sipit? 
447,"tanya amin rais, dulu dia yang bikin kacau dan menyuruh reformasi. pilihan kepala daerah salah satu hasilnya."
448,fahri hamzah kalau saya jadi presiden komisi pemberantasan korupsi akan saya bubarkan uniform resource locator
449,dia takut banci tapi uniform resource locator
450,"perlindungan masyarakat wilayah tawangsari, bulu amp lihat terima pembekalan pam pilihan kepala daerah serentak"
451,kenapa bolot 
452,dia itu native speaker ya. mother language nya english. komen dijaga dong bangsat 
453,kita kita biasa saja dengan pernyataan yang ada. tidak merasa bangke. 
454,"mungkin mereka salah tulis atau salah sebut saja bu , maksud nya mungkin cebong muda kampungan , "
455,"nama pengguna absurd bahkan first impression tidak akan bikin enak imaginenya, dan tidak ganteng mengetik pas dicoba ngewe di direct message enak banget. berharap di direct message lagi ternyata tidak sama sekali "
456,"admin, bukan presiden, tapi pm"
457,stw singaraja suka kontol uniform resource locator
458,kafir haram jadi pemimpin monyet 
459,shio baekhyun itu monyet 
460,"ceruk pasar itu pasar yang lebih kecil, tetapi satu pasar itu pasti butuh ke kita. contoh asuransi pensiunan tentara di us tuh. tidak semua orang pensiunan tentara, tetapi sekalinya pensiunan tentara, pasti ke asuransi tsb. atau alat kebutuhan orang cacat. tidak semua orang cacat, ta"
461,"memang perlu pak kiai staquf menyebut suku ras biar mudah dipahami nalar kamu yang bahlul, saya tanya kamu soal arab yang mana yang kamu sembah saja tidak bisa jawab, saya sodori arab bani saud yang pro israel eh kamu pura pura"
462,pernah melakukan dosa apa ya anis dan sandi sampai di bully dan di rendahkan terus2an. padahal masih banyak orang yang jahat dan licik yang sebenarnya lebih pantas di bully dan rendahkan. dunia memang kejam kawan. 
463,om kalau memang om belajar agama buddha atau hindu yang benar seharusnya tidak bgini. coba belajar yang benar ya sebelum buka mulut
464,ikut pengalaman yang tak seberapa kerja pak time dengan cina lebih best dari kerja dengan melayu. haha. 
465,aku tidak kuat karena jijik makanya ku cepatkan berasa kita yang dikejar kejar ya sampai mau napas saja jadi sungkan wkwk 
466,"bubarkan dewan perwakilan rakyat bubarkan, save komisi pemberantasan korupsi"
467,"hehe akhirnya,ternyata pasar kita global jg,tdk terbatas lokal. akhirnya masih ada asing dan asing juga. kita jujur saja!, "
468,gue diving mampus kamu junedi 
469,suciwati revolusi mental jokowi omong kosong bualan. jika setuju amp komen uniform resource locator
470,"saya juga pernah marahi seorang rupiah yang panggil saya sipit waktu jadi hoshi. atau yang suka tanya matanya mana? sepele? tidak ah. itu kan bagian dari fisik. mungkin kalau dipakai untuk definisi, macam hoshi itu yang memiliki mata sipit boleh deh."
471,jangan jangan otak makelar penjual aset negara apa maling aset negara ? peamina di jual mau di isi tenaga kerja asing dari tiongkok 2019 ganti presiden uniform resource locator
472,"akun siti fatimah amp yang komen di lamannya, diringkas semua aja,parah amp bejat. memalukan,! bapak ,semoga sehat selalu, tetap sabar , amp semangat terus suarakan kebenaran, "
473,"bawang putih itu sedang kafir haram lagi, hiks.hiks,hiks "
474,"setuju ahoker lengserkan ke prabowo jokowi daripada hancurkan penjara tidak karuan, uniform resource locator"
475,"relawan join adalah sebuah gerakan arus bawah yang merindukan kepemimpinan nasional dari nasionalis islam moderat, cakimintheneapres join 2019 "
476,onta itu nsd? 
477,umpannya pakai apaan itu biar mancing dapat buaya? 
478,komunis kok berabad pki? kecoak makan kecoak dong? 
479,retweeted ikko pribumi tiruan horas horas horas ! dengan menggunakan kapal feri presiden mengunjungi pulau samosir dalam rangkaian kunjungan kerja presiden di sambut dengan upacara adat samosir dengan pekikan horas horas horas 
480,"mata lu picek ya, yang janji jokowi kok yang di tagih sby, matamu picek blok "
481,"yang ke dua, indonesia akan beahan bahkan bisa menjadi kekuatan ekonomi, politik baru jika penghuninya memilih bekerja sama dengan menyimpan perbedaan tidak penting macam agama,"
482,"sudah lebih dari 50 tahun freepo di kuasai oleh pihak asing, baru di masa pemerintahan jokowi sea pak jonan menjadi menteri energi dan sumber daya mineral freepo kita ambil alih sahamnya jonan jos "
483,as clara anak pintar dongok paling kocak cantik tapi idot tak tau malu urat malu putus butt dia muka nya imut banget 
484,"menteri agama meminta riset perguruan tinggi keagamaan islam negeri jangan hanya berorientasi publikasi aikel di scopus dan sejenisnya. namun, keluarannya harus bisa jawab tantangan umat islam . perguruan tinggi keagamaan islam negeri perlu buat pangkalan data sebagai rujukan pembangunan. misal database ulama nusantara sehingga tidak"
485,presiden paling buruk dalam sejarah bangsa bangsa cebong 
486,me nusantara kan dalam ai nasionalisasi aset yang dikuasai asing hanya bisa dilakukan pemimpin yang sungguh nasionalis patriotis. nusantara versi proxy hanya beujuan lemahkan ketahanan nusantara nasional suatu bangsa 
487,"foto profil nya saat naik pesawat, tetapi masih bisa bilang jangan cintai produk asing,dari hal sederhana ini saja,kita sudah bisa mengukur berapa parahnya tingkat kemunafikan mu,lbh baik anda langsung terjun dari pesawat biar ucapan anda sesuai dengan perbuatan."
488,remukkan rengginang cocot ah 
489,"ku sudah padah eh, even kamu bodoh bulak curang pun dengan ompuan ya. nya still mau kau. segal sayang eh. kamu bodoh sikpande hargai "
490,
491,"acara tidak mutu, ini ulah mantan aktivis bagaimana nih organisasi masyarakat mahasiswa gembong partai komunis indonesia yang jadi musuh bebuyutan himpunan mahasiswa islam "
492,"ayo pilih alin aja! alin itu bawel banget semuanya diomongin, melihat banci dijalanan saja aku mengomongkan tapi baik kok "
493,sudah diadopsi pemerintah pusat juga nich. ? 
494,", pak prof. , jangan pak prof. bilang itu cuma soal pendapat, itu tidak benar karena disampaikan di forum terbuka, itu kacau dan tidak bisa di biarkan, pak prof. sebagai pemuka agama dan sebagai ulama harusnya melur"
495,biadab itu oknum aparat keparat 
496,haha jancuk 
497,untung aku kunti.g 
498,"kaisoo itu couple yang hangat. waktu di bandara tanggal 1 maret kemarin mereka enggak mau kalah sama hunhan. dari korea sampai cina, dan dari cina ke korea. kau suka banget dekat dekat d.o. kaisoo fact "
499,"wuakkakaa, mampuss! tidak salah gue diblok dia sejak jaman jokowi ahok nyagub. gaya kamu toong, toong, anies sandi uniform resource locator"
500,dan dari orang asing yang mengobrol karena bosan menunggu transit akhirnya jadi berteman sampai sekarang 
501,"itu dia mata picek, matanya cuma lihat sebelah, "
502,maaf sebenarnya twitter peama kali dibuat bukan buat orang bego 
503,"apa apa kocak ,kalabong memang dungu "
504,"sehingga catatan itu yang kami buka kembali. tidak boleh dilupakan pengalaman pilihan kepala daerah daerah khusus ibukota jakaa 2017, dan yang diusung paai gerindra dan berhasil menumbangkan pertahanan yang diusung oleh koalisi besar yang dimotori"
505,mengenal pengawal pribadi perempuan dalam pilihan kepala daerah bondowoso ? radar jember
506,di sana mayoritas budha. ada juga pendetanya yang ikut demo. kamu googling lah video demo di thailand biar tau. 
507,begitulah cara komunis bermain. 
508,suka kesal sama orang yang pas gue jadian confess ke gue giliran gue jomlo malah pada kemana tau berbicara sama silit 
509,"ehhhhh bandot kamu mau kritik pak jokowi sampai mencret darah is ok, tetapi kalau kamu hina, fitnah, kami akan ambil tindakan, pak jokowi presiden ! pemimpin negara, kamu pemimpin agama tetapi salah kaprah luuuu "
510,"kita balas di sini bagaimana kita usir buddha kurang ajar, etnis muslim rohingya disingkirkan dari data sensus penduduk myanmar"
511,astagfirullah mata gue ternodai terkutuk kamu yang nge bokep 
512,allah tidak memanggil orang yang mampu tetapi allah akan memampukan siapa saja yang mau yang rindu yang yakin ke baitullah
513,"kontol ye, hapus tidak "
514,pengobatan monyet kedih uniform resource locator
515,pergi kamu bangkai 
516,kebingungan akan apa yang bisa ditoleransi dan tidak bikin gue pikir itulah alasan kenapa dalam katolik ada paus sebagai wakil kristus 
517,"itu, udah, tertawa kunti, "
518,"amin ya rabb, tolong indonesia ya alah dengan yang lebiiihhhh baik,"
519,"ustaz partai keadilan sejahtera yudi widiana menilap duit pak bahasa agama juz amp liqo felix kwetiau amp alumni 212 pada diam amp pura pura budek,giliran bu "
520,"amin, semoga istiqomah, jangan khawatir cibiran orang anggap saja ujian, ingat banyak orang orang yang dulunya masalahnya suram bahkan kafir sekalipun kemudian taubat dan menjadi tokoh pejuang agama islam, "
521,"video call dengan pak gubernur yang sedang dinas ke istanbul, turkey. dalam video call ini saya melaporkan yang peama ialah tempat hiburan malam karaoke sense amp diskotik eic telah ditutup secara hormat tanpa harus keras, dibantu ole"
522,"yang kita bela adalah pancasila dan kedaulatan negara. kalau tidak mendukung, maka lengserkan saja!, saat ini ancaman sudah nyata!."
523,"proyek saracen untuk ganjal pelantikan anies masih teruus, temuan baru kasus saracen, ada foto tokoh paai politik"
524,itulah sih ahok kutil babi
525,kenapa soekarno tidak di konotasikan juga rejim anti demokrasi dengan embel embel presiden seumur hidup? 
526,"hajar ndan, ganyang partai komunis indonesia uniform resource locator"
527,bangkai sampai kg bisa tidur siang 
528,pak jokowi kasihan juga gorengan pbb
529,amin dan semoga pak jokowi jadi presiden lagi.
530,"daripada tidak menikah sama sekali,daripada menyimpang lgbt!menikahlah, hidup lebih berkah,dunia sudah rusak dengan perzinaan kini ada gerakan stop perkawinan dini. "
531,"kepala kepolisian republik indonesia harusnya mundur dari jabatannya,"
532,berdayakan ekonomi pesantren ulama jawa barat dukung jokowi di pemilihan presiden 2019 tetap jokowi 2019
533,"semangat terus pak . kantor staf presiden harus terdepan publikasikan semua kegiatan presiden supaya rakyat tau bahwa presiden kerja keras membangun bangsa ini, kerja, kerja, kerja "
534,daripada cocot 
535,"ini saya setuju, makanya dukung presiden yang sudah berupaya mengurangi kekuasaan asing, mengurangi ekspor mentah, mengganti kontrak yang merugikan indonesia"
536,kristen nusantara pasti ada contoh huria kristen batak protestan huria kristen batak protestan gereja kristen jawa gereja kristen jawa gereja pasundan gereja manado gereja maluku gereja papua dll. masing masing punya ciri khas sesuai tradisi suku masing
537,baru tiga tahun sudah sebegitu ya bentar lagi lewat utang susilo bambang yudhoyono njiiieng
538,"mungkin masih banyak masyarakat tionghoa yang lebih pancasialis dari pada orang jawa cuma enggak terekspos aja, contoh nyata pak kwik ekonom dan ustaz felix siauw "
539,"freepo tak akan berdiam saja setelah negosiasi kalah,"
540,"negara kayak menipu bocah sekolah dasar aje, dokumennya hilang , fuih,"
541,allah subhanahu wa taala yang disembah dungu biadab ya percuma
542,ogah prabowo pak gatot baru oke
543,perbanyaklah membaca cerdas biar tidak dicap goblok v just kidding nb hanya orang dengan intelligence quotient di atas rata rata yang mengei tulisan di atas v 
544,"calon gubernur jawa tengah nomor urut 1, , mempeanyakan program unggulan rivalnya, , terkait pembukaan lapangan kerja sebanyak 5 juta dalam 5 tahun. menurut ganjar, di tengah situasi ekonomi saat ini, kemungkinan membuka lapang"
545,burik. iya yang begitu burik panuan kutuan jamuran. ha memang rang ajar. 
546,we jancuk apa aku belajar 
547,amin rais himbau masyarakat jangan sampai salah memilih pemimpin.
548,"kalau jaman gue sampai di negeri dulu hari kamis pakai baju kotak kotak jadi kayak seragam sekolah kristen begitu hari jumat nya cuma diwajibkan pakai celana panjang doang, tidak pakai baju koko, itu dulu ya "
549,"najis kamu mengirim pesan tidak jelas direct message gue tidak dibalas bodoh amat , gue doakan nanti pentas.lo tidak menang "
550,jadi cowok banyak bacot amat sih anjing mau gue gampar saja rasanya 
551,rizal ramli mayoritas masyarakat tak mau beri kesempatan kedua untuk jokowi klik rmol calon presiden rakyat
552,"indonesia lawyers club boediono century ketika ini terjadi, saya ikuti kasus ini cukup intens. meski sekarang agak lupa, tapi kuncinya kita cuma butuh 2019 ganti presiden! itu,"
553,maju gubernurnya sengsara relawannya
554,"mungkin saya bukan orang baik,dan saya tidak perlu di anggap baik.paling tidak saya tidak munafik dengan berpura baik.karena yang terpenting saya bisa berbuat baik "
555,"dalam kristen prinsip enkulturasi dalam agama penting, bagaimana menjadi katolik yang indonesia ,menjadi kristen yang indonesia , sesuatu yang mungkin asing bagi islam yang kental arab. "
556,"copras calon presiden, tidak mikir, tidak mikirrrr, tidak pikir apa sih kowi 1 periode saja babak belur, uniform resource locator"
557,wah tau sama jokowi tidak dapat panggung mulai sudah jilat jilat prabowo dasar lintah uniform resource locator
558,barusan dongok dongokkan pemotor yang klakson beubi2 padahal jelas lampu merah. oi dongo! berisik norak! pas menengok taunya teman sampai ! dia chaink? aku menangis ganti keluar lu darah puteeeh 
559,"kenapa pak prabowo suka kampanye negatif, kampungan dan menggelikan? "
560,"presidennya pak jokowi, gubernurnya saya dan pak anton, sehingga program selaras sejalan, kata hasan."
561,"the lie tju siswi kelas 1b, sampai katolik santo petrus, 1984, istrinya ronaldo pardede siswa kelas 1a, sampai katolik santo petrus, 1984. "
562,kalau enggak mau dengar ulama dan tetap mengotot kriminalisasi ulama ya kita lengserkan saja jokowi
563,"kamu itu yang bencong, bacot kamu lebih lebih dari cewe. kayak banci yang mengamen tidak dikasih duit bacotnya mending kamu cakap mah, jelek kayak gitu. masa depan suram lagi mentioned gue langsung di kutipan twit "
564,"cina lg, cina lg, sebaiknya di usir saja ya? merusak sih kerjaannya"
565,ayo bangsa indonesia bersihkan etnis cina ahok
566,"tolong lah, kalau lihat saya, bok ya memanggilnya pas lagi berpapasan aja. selain saya sedikit buta, saya juga agak budek. lagi menunggu "
567,"enak banget ya om jawabannya. bagaimana kalau sudah bom susilo bambang yudhoyono jangan diperdebatkan lagi tersangkanya sudah meninggal, "
568,"kafir ada di alquran,situ sehat? "
569,enggak ikut dukung calon presiden tapi sukanya mengatur jokowi kenapa tidak prabowo saja yang diatur supaya menang dalam pemilihan presiden 2019.
570,kan hebat ahok bisa memaafkan bini salam 7 tahun bukan surat pemberitahuan tahunan yang ono kabur karena ketahuan memalukan mengakui ulama kok kelakuan bejat 
571,"anda didungukan islam, alquran mengajarkan amoral ansor sebagai agama, islam punya posisi moralnya sendiri"
572,"owner di sini seo sama tae, adminnya masih hiring sayang 3 si "
573,oke sip otak bolot gue bingung 
574,yang jelas jelas masih hidup itu prabowo anak soemitro penghianat bangsa
575,"yang perek kan ibu lo, bagaimana sih, pasti sudah doll ya "
576,pilih presiden yang jelas orang tua nya yang bukan penghianat negara
577,tidak apa sih ahok pernah dibilang penista agama tetapi tidak kayak politikus koruptor dipanggil urusan hukum ngeles pakai sakit hati hati nanti keterusan mati.
578,tolol sekali anda ini? mengaji dimana kamu ini kalau agama islam spi itu? ketahuan ini orang mengajinya sama orang tidak jelas ini? 
579,new post festival pesona tambora angkat eksotisme alam dan budaya dompu dan bima
580,"bang melakukan itu. dia tetap kristen, istrinya tetap muslim. bisa kok, dengan strategi teentu. "
581,"presiden joko widodo jokowi membuka kongres 29 perhimpunan mahasiswa katolik republik indonesia perhimpunan mahasiswa katolik republik indonesia . berpesan di konteks tahun politik 2018, agar semua pihak menjaga kondisi. kontestasi politik perlu diisi dengan adu program dan gagasan ra"
582,"cebong di kasih fakta dia bilang dusta, cebong dikasih dusta dia bilang realita, cebonger si memang bikin gemas "
583,"cina kafir ini mah,bangsat lu! dasar komunis ! "
584,rakyat kaum bani cebong 
585,"kenapa gue menangis anjir, cupu kamu fik! "
586,kangen edan 
587,"oh mami kontolku besar panjang tiga jari setengah panjang lewat pusat aku,mungkin 3 aku ngentot mami.mami kecapaian, "
588,"di kuliah umum maroko, ada yang bilang anies super gubernur . mungkin jaga perasaan, tidak enak kalau bilang anda yang lebih layak jadi presiden "
589,"ini orang orang maha benar nan suci maunya apa sih? penghina presiden dilepas karena masih di bawah umur mengeluhnya enggak ditahan karena cina. kalau misal ditahan, mungkin mengeluhnya pemerintah mau balik ke orba. njuk maunya piye, su? "
590,tidak salah memang amp bilang antek asing tapi adiknya prabowo bilang prabowo pro amerika. uniform resource locator
591,"dijodohkan presiden, pengantin wanita tajikistan tampak sedih "
592,"peresmian dan pemberkatan gereja katolik hati kudus yesus batu gantung, ambon "
593,tidak melihat tapi merasa wkwk dan gue merasa lagi tot sama setan 
594,eh ada waawan selandia baru rasa kampret dan dibuat berita oleh kampret disebar di wag. konferensi pers tidak dilakukan 
595,"pencitraan lu,ah,prabowo masih tidur,"
596,"ustaz subki al bughury, s. sos.i saja mendukung pilihan kepala daerah damai di kab. sinjai tanpa hoax, ujaran kebencian dan isu sara,,kalau anda,? "
597,"retweet sensasi ngentot dengan cewek cantik berhijab , pa1 blowjob kontol hijab ngentot orang berhijab sepong kontol "
598,biasa bro dia ciri ciri cebong adu domba begitu sok lugu namanya juga cebong buzzer recehan yang begini 
599,detikcom jangan buru buru tolak wacana pilihan kepala daerah lewat dewan perwakilan rakyat daerah pemilihan umum pemilihan umum 2019
600,"front pembela islam itu ada dan nyata, darul islam itu ada dan nyata isis itu tidak ada, hanya propaganda politik"
601,prabowo sudah tua perlu generasi muda yang bisa blusuk dan jokowi masih muda dan saat ini sering blusuk diberbagai pulau
602,mohon maaf kalau sekarang pemilihan presiden anda memilih siapa bapak jokowi like bapak prabowo 
603,"bukan tidak berani, sepeinya.minoritas tau diri dan pasrahh, karena pembalasan milik tuhan allah."
604,apa dah shopee kampang 
